[{"model": "admin.logentry", "pk": 1, "fields": {"action_time": "2026-03-04T12:24:42.244Z", "user": 1, "content_type": 7, "object_id": "1", "object_repr": "Ingreso", "action_flag": 1, "change_message": "[{\"added\": {}}]"}}, {"model": "admin.logentry", "pk": 2, "fields": {"action_time": "2026-03-04T12:25:23.423Z", "user": 1, "content_type": 7, "object_id": "2", "object_repr": "EN_PROCESO", "action_flag": 1, "change_message": "[{\"added\": {}}]"}}, {"model": "admin.logentry", "pk": 3, "fields": {"action_time": "2026-03-04T12:25:56.336Z", "user": 1, "content_type": 7, "object_id": "3", "object_repr": "EN_REVISION", "action_flag": 1, "change_message": "[{\"added\": {}}]"}}, {"model": "admin.logentry", "pk": 4, "fields": {"action_time": "2026-03-04T12:26:43.583Z", "user": 1, "content_type": 7, "object_id": "4", "object_repr": "VALIDADO", "action_flag": 1, "change_message": "[{\"added\": {}}]"}}, {"model": "admin.logentry", "pk": 5, "fields": {"action_time": "2026-03-04T12:26:55.727Z", "user": 1, "content_type": 7, "object_id": "5", "object_repr": "FINALIZADO", "action_flag": 1, "change_message": "[{\"added\": {}}]"}}, {"model": "admin.logentry", "pk": 6, "fields": {"action_time": "2026-03-04T12:27:07.443Z", "user": 1, "content_type": 7, "object_id": "6", "object_repr": "CANCELADO", "action_flag": 1, "change_message": "[{\"added\": {}}]"}}, {"model": "admin.logentry", "pk": 7, "fields": {"action_time": "2026-03-04T12:27:23.407Z", "user": 1, "content_type": 7, "object_id": "7", "object_repr": "ANULADO", "action_flag": 1, "change_message": "[{\"added\": {}}]"}}, {"model": "admin.logentry", "pk": 8, "fields": {"action_time": "2026-03-04T12:29:33.557Z", "user": 1, "content_type": 7, "object_id": "7", "object_repr": "ANULADO", "action_flag": 2, "change_message": "[]"}}, {"model": "admin.logentry", "pk": 9, "fields": {"action_time": "2026-03-04T12:29:35.856Z", "user": 1, "content_type": 7, "object_id": "7", "object_repr": "ANULADO", "action_flag": 2, "change_message": "[]"}}, {"model": "admin.logentry", "pk": 10, "fields": {"action_time": "2026-03-04T12:43:12.022Z", "user": 1, "content_type": 9, "object_id": "1", "object_repr": "GENERAL", "action_flag": 1, "change_message": "[{\"added\": {}}]"}}, {"model": "admin.logentry", "pk": 11, "fields": {"action_time": "2026-03-05T11:47:46.869Z", "user": 1, "content_type": 2, "object_id": "1", "object_repr": "ADMINISTRADOR", "action_flag": 1, "change_message": "[{\"added\": {}}]"}}, {"model": "admin.logentry", "pk": 12, "fields": {"action_time": "2026-03-05T11:50:56.704Z", "user": 1, "content_type": 2, "object_id": "2", "object_repr": "LUZ", "action_flag": 1, "change_message": "[{\"added\": {}}]"}}, {"model": "admin.logentry", "pk": 13, "fields": {"action_time": "2026-03-05T11:51:47.018Z", "user": 1, "content_type": 2, "object_id": "3", "object_repr": "PODA", "action_flag": 1, "change_message": "[{\"added\": {}}]"}}, {"model": "admin.logentry", "pk": 14, "fields": {"action_time": "2026-03-05T11:52:12.653Z", "user": 1, "content_type": 2, "object_id": "4", "object_repr": "CLOACA", "action_flag": 1, "change_message": "[{\"added\": {}}]"}}, {"model": "admin.logentry", "pk": 15, "fields": {"action_time": "2026-03-05T11:52:36.294Z", "user": 1, "content_type": 2, "object_id": "5", "object_repr": "CAMINOS", "action_flag": 1, "change_message": "[{\"added\": {}}]"}}, {"model": "admin.logentry", "pk": 16, "fields": {"action_time": "2026-03-05T11:53:09.452Z", "user": 1, "content_type": 2, "object_id": "6", "object_repr": "RESIDUOS", "action_flag": 1, "change_message": "[{\"added\": {}}]"}}, {"model": "admin.logentry", "pk": 17, "fields": {"action_time": "2026-03-05T11:53:39.748Z", "user": 1, "content_type": 2, "object_id": "7", "object_repr": "RECOLECCION_RESIDUOS", "action_flag": 1, "change_message": "[{\"added\": {}}]"}}, {"model": "admin.logentry", "pk": 18, "fields": {"action_time": "2026-03-05T12:08:24.586Z", "user": 1, "content_type": 4, "object_id": "2", "object_repr": "poda_usuario1", "action_flag": 1, "change_message": "[{\"added\": {}}]"}}, {"model": "admin.logentry", "pk": 19, "fields": {"action_time": "2026-03-05T12:08:49.444Z", "user": 1, "content_type": 4, "object_id": "2", "object_repr": "poda_usuario1", "action_flag": 2, "change_message": "[{\"changed\": {\"fields\": [\"Groups\"]}}]"}}, {"model": "admin.logentry", "pk": 20, "fields": {"action_time": "2026-03-05T12:10:22.026Z", "user": 1, "content_type": 8, "object_id": "3", "object_repr": "Reclamo #3 - 103", "action_flag": 1, "change_message": "[{\"added\": {}}]"}}, {"model": "admin.logentry", "pk": 21, "fields": {"action_time": "2026-03-05T12:10:36.583Z", "user": 1, "content_type": 7, "object_id": "1", "object_repr": "INGRESO", "action_flag": 2, "change_message": "[{\"changed\": {\"fields\": [\"Nombre\"]}}]"}}, {"model": "admin.logentry", "pk": 22, "fields": {"action_time": "2026-03-05T12:10:56.027Z", "user": 1, "content_type": 9, "object_id": "2", "object_repr": "PODA", "action_flag": 1, "change_message": "[{\"added\": {}}]"}}, {"model": "admin.logentry", "pk": 23, "fields": {"action_time": "2026-03-05T12:11:23.845Z", "user": 1, "content_type": 9, "object_id": "3", "object_repr": "LUZ", "action_flag": 1, "change_message": "[{\"added\": {}}]"}}, {"model": "admin.logentry", "pk": 24, "fields": {"action_time": "2026-03-05T12:11:59.017Z", "user": 1, "content_type": 9, "object_id": "4", "object_repr": "CLOACA", "action_flag": 1, "change_message": "[{\"added\": {}}]"}}, {"model": "admin.logentry", "pk": 25, "fields": {"action_time": "2026-03-05T12:12:22.086Z", "user": 1, "content_type": 9, "object_id": "5", "object_repr": "CAMINOS", "action_flag": 1, "change_message": "[{\"added\": {}}]"}}, {"model": "admin.logentry", "pk": 26, "fields": {"action_time": "2026-03-05T12:12:52.156Z", "user": 1, "content_type": 9, "object_id": "6", "object_repr": "ACOP. RESIDUOS", "action_flag": 1, "change_message": "[{\"added\": {}}]"}}, {"model": "admin.logentry", "pk": 27, "fields": {"action_time": "2026-03-05T12:13:18.999Z", "user": 1, "content_type": 9, "object_id": "7", "object_repr": "RECOLECCION RESIDUOS", "action_flag": 1, "change_message": "[{\"added\": {}}]"}}, {"model": "admin.logentry", "pk": 28, "fields": {"action_time": "2026-03-05T12:13:38.829Z", "user": 1, "content_type": 8, "object_id": "3", "object_repr": "Reclamo #3 - 103", "action_flag": 2, "change_message": "[{\"changed\": {\"fields\": [\"Tipo reclamo\"]}}]"}}, {"model": "admin.logentry", "pk": 29, "fields": {"action_time": "2026-03-05T12:42:58.647Z", "user": 1, "content_type": 9, "object_id": "7", "object_repr": "RECOLECCION_RESIDUOS", "action_flag": 2, "change_message": "[{\"changed\": {\"fields\": [\"Nombre\"]}}]"}}, {"model": "admin.logentry", "pk": 30, "fields": {"action_time": "2026-03-05T12:43:18.989Z", "user": 1, "content_type": 9, "object_id": "6", "object_repr": "RESIDUOS", "action_flag": 2, "change_message": "[{\"changed\": {\"fields\": [\"Nombre\"]}}]"}}, {"model": "admin.logentry", "pk": 31, "fields": {"action_time": "2026-03-05T12:45:36.573Z", "user": 1, "content_type": 4, "object_id": "1", "object_repr": "martin", "action_flag": 2, "change_message": "[{\"changed\": {\"fields\": [\"Groups\"]}}]"}}, {"model": "admin.logentry", "pk": 32, "fields": {"action_time": "2026-03-05T12:47:13.708Z", "user": 1, "content_type": 4, "object_id": "3", "object_repr": "luz_usuario1", "action_flag": 1, "change_message": "[{\"added\": {}}]"}}, {"model": "admin.logentry", "pk": 33, "fields": {"action_time": "2026-03-05T12:47:24.520Z", "user": 1, "content_type": 4, "object_id": "3", "object_repr": "luz_usuario1", "action_flag": 2, "change_message": "[{\"changed\": {\"fields\": [\"Groups\"]}}]"}}, {"model": "admin.logentry", "pk": 34, "fields": {"action_time": "2026-03-05T12:49:15.820Z", "user": 1, "content_type": 8, "object_id": "4", "object_repr": "Reclamo #4 - 103", "action_flag": 1, "change_message": "[{\"added\": {}}]"}}, {"model": "admin.logentry", "pk": 35, "fields": {"action_time": "2026-03-05T12:51:21.195Z", "user": 1, "content_type": 4, "object_id": "4", "object_repr": "poda2", "action_flag": 1, "change_message": "[{\"added\": {}}]"}}, {"model": "admin.logentry", "pk": 36, "fields": {"action_time": "2026-03-05T12:51:29.344Z", "user": 1, "content_type": 4, "object_id": "4", "object_repr": "poda2", "action_flag": 2, "change_message": "[{\"changed\": {\"fields\": [\"Groups\"]}}]"}}, {"model": "admin.logentry", "pk": 37, "fields": {"action_time": "2026-03-05T12:56:15.504Z", "user": 1, "content_type": 4, "object_id": "5", "object_repr": "contribuyente", "action_flag": 1, "change_message": "[{\"added\": {}}]"}}, {"model": "admin.logentry", "pk": 38, "fields": {"action_time": "2026-03-05T12:57:23.803Z", "user": 1, "content_type": 4, "object_id": "5", "object_repr": "contribuyente", "action_flag": 2, "change_message": "[{\"changed\": {\"fields\": [\"User permissions\"]}}]"}}, {"model": "admin.logentry", "pk": 39, "fields": {"action_time": "2026-03-05T13:45:49.285Z", "user": 1, "content_type": 8, "object_id": "3", "object_repr": "Reclamo #3 - 103", "action_flag": 2, "change_message": "[{\"changed\": {\"fields\": [\"Fecha cierre\"]}}]"}}, {"model": "admin.logentry", "pk": 40, "fields": {"action_time": "2026-03-05T13:46:01.576Z", "user": 1, "content_type": 8, "object_id": "4", "object_repr": "Reclamo #4 - 103", "action_flag": 2, "change_message": "[{\"changed\": {\"fields\": [\"Fecha cierre\"]}}]"}}, {"model": "admin.logentry", "pk": 41, "fields": {"action_time": "2026-03-05T14:24:32.379Z", "user": 1, "content_type": 8, "object_id": "3", "object_repr": "Reclamo #3 - 103", "action_flag": 2, "change_message": "[{\"changed\": {\"fields\": [\"Usuario\"]}}]"}},{"model": "auth.group", "pk": 1, "fields": {"name": "ADMINISTRADOR", "permissions": [1, 2, 3, 4, 9, 10, 11, 12, 5, 6, 7, 8, 13, 14, 15, 16, 17, 18, 19, 20, 25, 26, 27, 28, 33, 34, 35, 36, 29, 30, 31, 32, 21, 22, 23, 24]}}, {"model": "auth.group", "pk": 2, "fields": {"name": "LUZ", "permissions": [1, 33, 34, 36]}}, {"model": "auth.group", "pk": 3, "fields": {"name": "PODA", "permissions": [1, 33, 34, 36, 21, 22]}}, {"model": "auth.group", "pk": 4, "fields": {"name": "CLOACA", "permissions": [1, 33, 34, 36, 21]}}, {"model": "auth.group", "pk": 5, "fields": {"name": "CAMINOS", "permissions": [1, 33, 34, 36, 21]}}, {"model": "auth.group", "pk": 6, "fields": {"name": "RESIDUOS", "permissions": [1, 33, 34, 36, 21]}}, {"model": "auth.group", "pk": 7, "fields": {"name": "RECOLECCION_RESIDUOS", "permissions": [1, 33, 34, 36, 21]}}, {"model": "auth.user", "pk": 1, "fields": {"password": "pbkdf2_sha256$1200000$GDlmNvcfuypnhgZ3lJVONP$BvBTCwm3oWfe0Jf/R2vvFJkdwQ702090V5Gc8BfiKeY=", "last_login": "2026-03-07T17:30:43.604Z", "is_superuser": true, "username": "martin", "first_name": "", "last_name": "", "email": "", "is_staff": true, "is_active": true, "date_joined": "2026-03-04T12:20:42Z", "groups": [1], "user_permissions": []}}, {"model": "auth.user", "pk": 2, "fields": {"password": "pbkdf2_sha256$1200000$S60h2QixQi8ZoAW3xT1z2b$GDmXZnIa3NJioQpbCzFDyc7VtwUCVcBoHDfgErTspWI=", "last_login": "2026-03-05T19:11:06.550Z", "is_superuser": false, "username": "poda_usuario1", "first_name": "", "last_name": "", "email": "", "is_staff": false, "is_active": true, "date_joined": "2026-03-05T12:08:23Z", "groups": [3], "user_permissions": []}}, {"model": "auth.user", "pk": 3, "fields": {"password": "pbkdf2_sha256$1200000$VuB9b7SmoTgeMWz0f7BhVk$zrh2V6koLCWSdZ1xgxYL07/MiNmzPlK3ZWRerbwbCdo=", "last_login": "2026-03-05T12:47:40.308Z", "is_superuser": false, "username": "luz_usuario1", "first_name": "", "last_name": "", "email": "", "is_staff": false, "is_active": true, "date_joined": "2026-03-05T12:47:12Z", "groups": [2], "user_permissions": []}}, {"model": "auth.user", "pk": 4, "fields": {"password": "pbkdf2_sha256$1200000$cWl604dTTr55WbAPl8E2Ff$Qru76bMFMpfl5khvzQVrYqbuJlpUwgJlhDq/smWKNQg=", "last_login": "2026-03-05T12:53:44.594Z", "is_superuser": false, "username": "poda2", "first_name": "", "last_name": "", "email": "", "is_staff": false, "is_active": true, "date_joined": "2026-03-05T12:51:19Z", "groups": [3], "user_permissions": []}}, {"model": "auth.user", "pk": 5, "fields": {"password": "pbkdf2_sha256$1200000$7tTzFY5bTiSundTWVMfKaG$p5qj19/Y0GohYm8QBNyApos0UdxP2q82J5QhqQ/qhOE=", "last_login": null, "is_superuser": false, "username": "contribuyente", "first_name": "", "last_name": "", "email": "", "is_staff": false, "is_active": true, "date_joined": "2026-03-05T12:56:14Z", "groups": [], "user_permissions": [1, 8, 20, 28, 36, 24]}}, {"model": "reclamos.tiporeclamo", "pk": 1, "fields": {"nombre": "GENERAL", "descripcion": "Reclamo del tipo general. El administrador asigna luego el area", "activo": true}}, {"model": "reclamos.tiporeclamo", "pk": 2, "fields": {"nombre": "PODA", "descripcion": "Poda de arboles y arbustos", "activo": true}}, {"model": "reclamos.tiporeclamo", "pk": 3, "fields": {"nombre": "LUZ", "descripcion": "Energia espacios publicos y tendido electrico", "activo": true}}, {"model": "reclamos.tiporeclamo", "pk": 4, "fields": {"nombre": "CLOACA", "descripcion": "Obstrucciones y red de cloacas", "activo": true}}, {"model": "reclamos.tiporeclamo", "pk": 5, "fields": {"nombre": "CAMINOS", "descripcion": "Caminos y pavimento", "activo": true}}, {"model": "reclamos.tiporeclamo", "pk": 6, "fields": {"nombre": "RESIDUOS", "descripcion": "Acopio de residuos", "activo": true}}, {"model": "reclamos.tiporeclamo", "pk": 7, "fields": {"nombre": "RECOLECCION_RESIDUOS", "descripcion": "Recoleccion de residuos", "activo": true}}, {"model": "reclamos.estadoreclamo", "pk": 1, "fields": {"nombre": "INGRESO", "descripcion": "Ingreso del reclamo al sistema", "activo": true}}, {"model": "reclamos.estadoreclamo", "pk": 2, "fields": {"nombre": "EN_PROCESO", "descripcion": "Reclamo en proceso de analisis", "activo": true}}, {"model": "reclamos.estadoreclamo", "pk": 3, "fields": {"nombre": "EN_REVISION", "descripcion": "Area analizando el reclamo para validar", "activo": true}}, {"model": "reclamos.estadoreclamo", "pk": 4, "fields": {"nombre": "VALIDADO", "descripcion": "Reclamo atendido y en proceso de solucion", "activo": true}}, {"model": "reclamos.estadoreclamo", "pk": 5, "fields": {"nombre": "FINALIZADO", "descripcion": "Finalizado", "activo": true}}, {"model": "reclamos.estadoreclamo", "pk": 6, "fields": {"nombre": "CANCELADO", "descripcion": "Reclamo cancelado", "activo": true}}, {"model": "reclamos.estadoreclamo", "pk": 7, "fields": {"nombre": "ANULADO", "descripcion": "Reclamo no valido", "activo": true}}, {"model": "reclamos.reclamo", "pk": 1, "fields": {"usuario": 1, "usuario_ult_modificacion": 1, "id_contribuyente": 101, "titulo": "Prueba de reclamo", "descripcion": "Reclamos de prueba", "tipo_reclamo": 1, "estado": 5, "prioridad": 1, "fecha_creacion": "2026-03-04T12:43:33.151Z", "fecha_ultima_modificacion": "2026-03-05T16:35:01.576Z", "fecha_cierre": "2026-03-05T14:27:36.413Z"}}, {"model": "reclamos.reclamo", "pk": 2, "fields": {"usuario": 1, "usuario_ult_modificacion": 1, "id_contribuyente": 102, "titulo": "Luz rota", "descripcion": "En la calle Margarias al 2500 se encuentra la luminaria rota.", "tipo_reclamo": 3, "estado": 2, "prioridad": 2, "fecha_creacion": "2026-03-04T19:34:36.472Z", "fecha_ultima_modificacion": "2026-03-05T21:13:17.878Z", "fecha_cierre": null}}, {"model": "reclamos.reclamo", "pk": 3, "fields": {"usuario": 3, "usuario_ult_modificacion": 2, "id_contribuyente": 103, "titulo": "Poda plaza San Martin", "descripcion": "Hay un arbol viejo en plaza San Martin que esta por caer en unos cables de energia. \r\nCuadrilla asignada. 05/03", "tipo_reclamo": 2, "estado": 2, "prioridad": 2, "fecha_creacion": "2026-03-05T12:10:22.024Z", "fecha_ultima_modificacion": "2026-03-05T19:11:34.096Z", "fecha_cierre": null}}, {"model": "reclamos.reclamo", "pk": 4, "fields": {"usuario": 1, "usuario_ult_modificacion": 1, "id_contribuyente": 103, "titulo": "LAMPARA QUEMADA", "descripcion": "En la calle 27 entre la 18 y 21 se encuentra una luminaria quemada...", "tipo_reclamo": 3, "estado": 1, "prioridad": 2, "fecha_creacion": "2026-03-05T12:49:15.802Z", "fecha_ultima_modificacion": "2026-03-05T15:22:54.951Z", "fecha_cierre": null}}, {"model": "reclamos.historialreclamo", "pk": 1, "fields": {"reclamo": 4, "usuario": 1, "accion": "Actualizacion reclamo", "estado_anterior": null, "estado_nuevo": 1, "tipo_anterior": null, "tipo_nuevo": 3, "prioridad_anterior": null, "prioridad_nueva": null, "titulo_anterior": null, "titulo_nuevo": null, "descripcion_anterior": null, "descripcion_nueva": null, "vecino_anterior": null, "vecino_nuevo": null, "fecha": "2026-03-05T14:16:26.957Z", "comentario": ""}}, {"model": "reclamos.historialreclamo", "pk": 2, "fields": {"reclamo": 4, "usuario": 1, "accion": "Actualizacion reclamo", "estado_anterior": null, "estado_nuevo": 1, "tipo_anterior": null, "tipo_nuevo": 3, "prioridad_anterior": null, "prioridad_nueva": null, "titulo_anterior": null, "titulo_nuevo": null, "descripcion_anterior": null, "descripcion_nueva": null, "vecino_anterior": null, "vecino_nuevo": null, "fecha": "2026-03-05T14:16:36.932Z", "comentario": ""}}, {"model": "reclamos.historialreclamo", "pk": 3, "fields": {"reclamo": 3, "usuario": 1, "accion": "Actualizacion reclamo", "estado_anterior": null, "estado_nuevo": 1, "tipo_anterior": null, "tipo_nuevo": 2, "prioridad_anterior": null, "prioridad_nueva": null, "titulo_anterior": null, "titulo_nuevo": null, "descripcion_anterior": null, "descripcion_nueva": null, "vecino_anterior": null, "vecino_nuevo": null, "fecha": "2026-03-05T14:16:47.793Z", "comentario": ""}}, {"model": "reclamos.historialreclamo", "pk": 4, "fields": {"reclamo": 3, "usuario": 1, "accion": "Actualizacion reclamo", "estado_anterior": null, "estado_nuevo": 1, "tipo_anterior": null, "tipo_nuevo": 2, "prioridad_anterior": null, "prioridad_nueva": null, "titulo_anterior": null, "titulo_nuevo": null, "descripcion_anterior": null, "descripcion_nueva": null, "vecino_anterior": null, "vecino_nuevo": null, "fecha": "2026-03-05T14:16:54.678Z", "comentario": ""}}, {"model": "reclamos.historialreclamo", "pk": 5, "fields": {"reclamo": 2, "usuario": 1, "accion": "Actualizacion reclamo", "estado_anterior": null, "estado_nuevo": 1, "tipo_anterior": null, "tipo_nuevo": 1, "prioridad_anterior": null, "prioridad_nueva": null, "titulo_anterior": null, "titulo_nuevo": null, "descripcion_anterior": null, "descripcion_nueva": null, "vecino_anterior": null, "vecino_nuevo": null, "fecha": "2026-03-05T14:17:00.302Z", "comentario": ""}}, {"model": "reclamos.historialreclamo", "pk": 6, "fields": {"reclamo": 2, "usuario": 1, "accion": "Actualizacion reclamo", "estado_anterior": null, "estado_nuevo": 1, "tipo_anterior": null, "tipo_nuevo": 1, "prioridad_anterior": null, "prioridad_nueva": null, "titulo_anterior": null, "titulo_nuevo": null, "descripcion_anterior": null, "descripcion_nueva": null, "vecino_anterior": null, "vecino_nuevo": null, "fecha": "2026-03-05T14:17:15.610Z", "comentario": ""}}, {"model": "reclamos.historialreclamo", "pk": 7, "fields": {"reclamo": 2, "usuario": 1, "accion": "Actualizacion reclamo", "estado_anterior": null, "estado_nuevo": 1, "tipo_anterior": null, "tipo_nuevo": 1, "prioridad_anterior": null, "prioridad_nueva": null, "titulo_anterior": null, "titulo_nuevo": null, "descripcion_anterior": null, "descripcion_nueva": null, "vecino_anterior": null, "vecino_nuevo": null, "fecha": "2026-03-05T14:17:20.168Z", "comentario": ""}}, {"model": "reclamos.historialreclamo", "pk": 8, "fields": {"reclamo": 2, "usuario": 1, "accion": "Actualizacion reclamo", "estado_anterior": null, "estado_nuevo": 1, "tipo_anterior": null, "tipo_nuevo": 3, "prioridad_anterior": null, "prioridad_nueva": null, "titulo_anterior": null, "titulo_nuevo": null, "descripcion_anterior": null, "descripcion_nueva": null, "vecino_anterior": null, "vecino_nuevo": null, "fecha": "2026-03-05T14:17:29.375Z", "comentario": ""}}, {"model": "reclamos.historialreclamo", "pk": 9, "fields": {"reclamo": 3, "usuario": 1, "accion": "Actualizacion reclamo", "estado_anterior": null, "estado_nuevo": 1, "tipo_anterior": null, "tipo_nuevo": 2, "prioridad_anterior": null, "prioridad_nueva": null, "titulo_anterior": null, "titulo_nuevo": null, "descripcion_anterior": null, "descripcion_nueva": null, "vecino_anterior": null, "vecino_nuevo": null, "fecha": "2026-03-05T14:25:28.367Z", "comentario": ""}}, {"model": "reclamos.historialreclamo", "pk": 10, "fields": {"reclamo": 3, "usuario": 1, "accion": "Actualizacion reclamo", "estado_anterior": null, "estado_nuevo": 1, "tipo_anterior": null, "tipo_nuevo": 2, "prioridad_anterior": null, "prioridad_nueva": null, "titulo_anterior": null, "titulo_nuevo": null, "descripcion_anterior": null, "descripcion_nueva": null, "vecino_anterior": null, "vecino_nuevo": null, "fecha": "2026-03-05T14:25:36.278Z", "comentario": ""}}, {"model": "reclamos.historialreclamo", "pk": 11, "fields": {"reclamo": 1, "usuario": 1, "accion": "Actualizacion reclamo", "estado_anterior": null, "estado_nuevo": 1, "tipo_anterior": null, "tipo_nuevo": 1, "prioridad_anterior": null, "prioridad_nueva": null, "titulo_anterior": null, "titulo_nuevo": null, "descripcion_anterior": null, "descripcion_nueva": null, "vecino_anterior": null, "vecino_nuevo": null, "fecha": "2026-03-05T14:25:50.416Z", "comentario": ""}}, {"model": "reclamos.historialreclamo", "pk": 12, "fields": {"reclamo": 1, "usuario": 1, "accion": "Actualizacion reclamo", "estado_anterior": null, "estado_nuevo": 5, "tipo_anterior": null, "tipo_nuevo": 1, "prioridad_anterior": null, "prioridad_nueva": null, "titulo_anterior": null, "titulo_nuevo": null, "descripcion_anterior": null, "descripcion_nueva": null, "vecino_anterior": null, "vecino_nuevo": null, "fecha": "2026-03-05T14:27:36.538Z", "comentario": ""}}, {"model": "reclamos.historialreclamo", "pk": 13, "fields": {"reclamo": 1, "usuario": 1, "accion": "Actualizacion reclamo", "estado_anterior": null, "estado_nuevo": 5, "tipo_anterior": null, "tipo_nuevo": 1, "prioridad_anterior": null, "prioridad_nueva": null, "titulo_anterior": null, "titulo_nuevo": null, "descripcion_anterior": null, "descripcion_nueva": null, "vecino_anterior": null, "vecino_nuevo": null, "fecha": "2026-03-05T14:28:04.744Z", "comentario": ""}}, {"model": "reclamos.historialreclamo", "pk": 14, "fields": {"reclamo": 3, "usuario": 2, "accion": "Actualizacion reclamo", "estado_anterior": null, "estado_nuevo": 1, "tipo_anterior": null, "tipo_nuevo": 2, "prioridad_anterior": null, "prioridad_nueva": null, "titulo_anterior": null, "titulo_nuevo": null, "descripcion_anterior": null, "descripcion_nueva": null, "vecino_anterior": null, "vecino_nuevo": null, "fecha": "2026-03-05T15:22:43.265Z", "comentario": ""}}, {"model": "reclamos.historialreclamo", "pk": 15, "fields": {"reclamo": 4, "usuario": 1, "accion": "Actualizacion reclamo", "estado_anterior": null, "estado_nuevo": 1, "tipo_anterior": null, "tipo_nuevo": 3, "prioridad_anterior": null, "prioridad_nueva": null, "titulo_anterior": null, "titulo_nuevo": null, "descripcion_anterior": null, "descripcion_nueva": null, "vecino_anterior": null, "vecino_nuevo": null, "fecha": "2026-03-05T15:22:55.065Z", "comentario": ""}}, {"model": "reclamos.historialreclamo", "pk": 16, "fields": {"reclamo": 3, "usuario": 2, "accion": "Modificaci n de reclamo", "estado_anterior": null, "estado_nuevo": null, "tipo_anterior": null, "tipo_nuevo": null, "prioridad_anterior": null, "prioridad_nueva": null, "titulo_anterior": null, "titulo_nuevo": null, "descripcion_anterior": "Hay un arbol viejo en plaza San Martin que esta por caer en unos cables de energia. \r\nCuadrilla asignada.", "descripcion_nueva": "Hay un arbol viejo en plaza San Martin que esta por caer en unos cables de energia. \r\nCuadrilla asignada. 05/03", "vecino_anterior": null, "vecino_nuevo": null, "fecha": "2026-03-05T15:58:58.907Z", "comentario": ""}}, {"model": "reclamos.historialreclamo", "pk": 17, "fields": {"reclamo": 3, "usuario": 2, "accion": "Actualizacion reclamo", "estado_anterior": null, "estado_nuevo": null, "tipo_anterior": null, "tipo_nuevo": null, "prioridad_anterior": 2, "prioridad_nueva": 3, "titulo_anterior": null, "titulo_nuevo": null, "descripcion_anterior": null, "descripcion_nueva": null, "vecino_anterior": null, "vecino_nuevo": null, "fecha": "2026-03-05T15:59:57.370Z", "comentario": ""}}, {"model": "reclamos.historialreclamo", "pk": 18, "fields": {"reclamo": 3, "usuario": 2, "accion": "Actualizacion reclamo", "estado_anterior": null, "estado_nuevo": null, "tipo_anterior": null, "tipo_nuevo": null, "prioridad_anterior": null, "prioridad_nueva": null, "titulo_anterior": null, "titulo_nuevo": null, "descripcion_anterior": "Hay un arbol viejo en plaza San Martin que esta por caer en unos cables de energia. \r\nCuadrilla asignada. 05/03", "descripcion_nueva": "Hay un arbol viejo en plaza San Martin que esta por caer en unos cables de energia. \r\nCuadrilla asignada. 05", "vecino_anterior": null, "vecino_nuevo": null, "fecha": "2026-03-05T16:00:55.100Z", "comentario": ""}}, {"model": "reclamos.historialreclamo", "pk": 19, "fields": {"reclamo": 3, "usuario": 1, "accion": "Actualizacion reclamo", "estado_anterior": null, "estado_nuevo": null, "tipo_anterior": null, "tipo_nuevo": null, "prioridad_anterior": null, "prioridad_nueva": null, "titulo_anterior": null, "titulo_nuevo": null, "descripcion_anterior": "Hay un arbol viejo en plaza San Martin que esta por caer en unos cables de energia. \r\nCuadrilla asignada. 05", "descripcion_nueva": "Hay un arbol viejo en plaza San Martin que esta por caer en unos cables de energia. \r\nCuadrilla asignada. 05/03", "vecino_anterior": null, "vecino_nuevo": null, "fecha": "2026-03-05T16:06:35.755Z", "comentario": ""}}, {"model": "reclamos.historialreclamo", "pk": 20, "fields": {"reclamo": 3, "usuario": 1, "accion": "Actualizacion reclamo", "estado_anterior": 1, "estado_nuevo": 2, "tipo_anterior": null, "tipo_nuevo": null, "prioridad_anterior": 3, "prioridad_nueva": 2, "titulo_anterior": null, "titulo_nuevo": null, "descripcion_anterior": null, "descripcion_nueva": null, "vecino_anterior": null, "vecino_nuevo": null, "fecha": "2026-03-05T16:16:52.848Z", "comentario": ""}}, {"model": "reclamos.historialreclamo", "pk": 21, "fields": {"reclamo": 3, "usuario": 1, "accion": "Actualizacion reclamo", "estado_anterior": null, "estado_nuevo": null, "tipo_anterior": null, "tipo_nuevo": null, "prioridad_anterior": 2, "prioridad_nueva": 3, "titulo_anterior": null, "titulo_nuevo": null, "descripcion_anterior": null, "descripcion_nueva": null, "vecino_anterior": null, "vecino_nuevo": null, "fecha": "2026-03-05T16:51:01.902Z", "comentario": "Pasa a urgencia por llamado telefonico."}}, {"model": "reclamos.historialreclamo", "pk": 22, "fields": {"reclamo": 3, "usuario": 1, "accion": "Actualizacion reclamo", "estado_anterior": null, "estado_nuevo": null, "tipo_anterior": null, "tipo_nuevo": null, "prioridad_anterior": null, "prioridad_nueva": null, "titulo_anterior": null, "titulo_nuevo": null, "descripcion_anterior": null, "descripcion_nueva": null, "vecino_anterior": null, "vecino_nuevo": null, "fecha": "2026-03-05T17:29:35.639Z", "comentario": "Nuevamente se comunico el vecino porque no se ha presentado la cuadrilla."}}, {"model": "reclamos.historialreclamo", "pk": 23, "fields": {"reclamo": 3, "usuario": 1, "accion": "Actualizacion reclamo", "estado_anterior": null, "estado_nuevo": null, "tipo_anterior": null, "tipo_nuevo": null, "prioridad_anterior": 3, "prioridad_nueva": 2, "titulo_anterior": null, "titulo_nuevo": null, "descripcion_anterior": null, "descripcion_nueva": null, "vecino_anterior": null, "vecino_nuevo": null, "fecha": "2026-03-05T17:44:33.749Z", "comentario": ""}}, {"model": "reclamos.historialreclamo", "pk": 24, "fields": {"reclamo": 3, "usuario": 1, "accion": "Actualizacion reclamo", "estado_anterior": null, "estado_nuevo": null, "tipo_anterior": null, "tipo_nuevo": null, "prioridad_anterior": null, "prioridad_nueva": null, "titulo_anterior": null, "titulo_nuevo": null, "descripcion_anterior": null, "descripcion_nueva": null, "vecino_anterior": null, "vecino_nuevo": null, "fecha": "2026-03-05T19:10:30.609Z", "comentario": "La cuadrilla reporto una demora. Cambio completo de un soporte."}}, {"model": "reclamos.historialreclamo", "pk": 25, "fields": {"reclamo": 3, "usuario": 2, "accion": "Actualizacion reclamo", "estado_anterior": null, "estado_nuevo": null, "tipo_anterior": null, "tipo_nuevo": null, "prioridad_anterior": null, "prioridad_nueva": null, "titulo_anterior": null, "titulo_nuevo": null, "descripcion_anterior": null, "descripcion_nueva": null, "vecino_anterior": null, "vecino_nuevo": null, "fecha": "2026-03-05T19:11:34.214Z", "comentario": "Repuesto recibido. Pendiente de finalizacion."}}, {"model": "reclamos.historialreclamo", "pk": 26, "fields": {"reclamo": 2, "usuario": 1, "accion": "Actualizacion reclamo", "estado_anterior": 1, "estado_nuevo": 2, "tipo_anterior": null, "tipo_nuevo": null, "prioridad_anterior": 3, "prioridad_nueva": 2, "titulo_anterior": null, "titulo_nuevo": null, "descripcion_anterior": null, "descripcion_nueva": null, "vecino_anterior": null, "vecino_nuevo": null, "fecha": "2026-03-05T21:13:17.893Z", "comentario": "Pasa a proceso. Charlado con Mario de la cuadrilla A2."}}]
