[{"model": "admin.logentry", "pk": 1, "fields": {"action_time": "2026-03-17T11:27:38.918Z", "user": 1, "content_type": 10, "object_id": "4", "object_repr": "Reclamo #4 - FERREYRA , MARTIN EXEQUIEL - (DNI: 29048298)", "action_flag": 2, "change_message": "[{\"changed\": {\"fields\": [\"Direccion\", \"Titulo\", \"Descripcion\"]}}]"}}, {"model": "auth.group", "pk": 1, "fields": {"name": "ADMINISTRADOR", "permissions": [1, 2, 3, 4, 9, 10, 11, 12, 5, 6, 7, 8, 13, 14, 15, 16, 17, 18, 19, 20, 25, 26, 27, 28, 29, 30, 31, 32, 33, 34, 35, 36, 21, 22, 23, 24]}}, {"model": "auth.group", "pk": 2, "fields": {"name": "LUZ", "permissions": [1, 33, 34, 36]}}, {"model": "auth.group", "pk": 3, "fields": {"name": "PODA", "permissions": [1, 33, 34, 36, 21, 22]}}, {"model": "auth.group", "pk": 4, "fields": {"name": "CLOACA", "permissions": [1, 33, 34, 36, 21]}}, {"model": "auth.group", "pk": 5, "fields": {"name": "CAMINOS", "permissions": [1, 33, 34, 36, 21]}}, {"model": "auth.group", "pk": 6, "fields": {"name": "RESIDUOS", "permissions": [1, 33, 34, 36, 21]}}, {"model": "auth.group", "pk": 7, "fields": {"name": "RECOLECCION_RESIDUOS", "permissions": [1, 33, 34, 36, 21]}}, {"model": "auth.user", "pk": 1, "fields": {"password": "pbkdf2_sha256$1200000$GDlmNvcfuypnhgZ3lJVONP$BvBTCwm3oWfe0Jf/R2vvFJkdwQ702090V5Gc8BfiKeY=", "last_login": "2026-03-16T12:15:59.570Z", "is_superuser": true, "username": "martin", "first_name": "", "last_name": "", "email": "", "is_staff": true, "is_active": true, "date_joined": "2026-03-04T12:20:42Z", "groups": [1], "user_permissions": []}}, {"model": "auth.user", "pk": 2, "fields": {"password": "pbkdf2_sha256$1200000$S60h2QixQi8ZoAW3xT1z2b$GDmXZnIa3NJioQpbCzFDyc7VtwUCVcBoHDfgErTspWI=", "last_login": "2026-03-05T19:11:06.550Z", "is_superuser": false, "username": "poda_usuario1", "first_name": "", "last_name": "", "email": "", "is_staff": false, "is_active": true, "date_joined": "2026-03-05T12:08:23Z", "groups": [3], "user_permissions": []}}, {"model": "auth.user", "pk": 3, "fields": {"password": "pbkdf2_sha256$1200000$VuB9b7SmoTgeMWz0f7BhVk$zrh2V6koLCWSdZ1xgxYL07/MiNmzPlK3ZWRerbwbCdo=", "last_login": "2026-03-05T12:47:40.308Z", "is_superuser": false, "username": "luz_usuario1", "first_name": "", "last_name": "", "email": "", "is_staff": false, "is_active": true, "date_joined": "2026-03-05T12:47:12Z", "groups": [2], "user_permissions": []}}, {"model": "auth.user", "pk": 4, "fields": {"password": "pbkdf2_sha256$1200000$cWl604dTTr55WbAPl8E2Ff$Qru76bMFMpfl5khvzQVrYqbuJlpUwgJlhDq/smWKNQg=", "last_login": "2026-03-05T12:53:44.594Z", "is_superuser": false, "username": "poda2", "first_name": "", "last_name": "", "email": "", "is_staff": false, "is_active": true, "date_joined": "2026-03-05T12:51:19Z", "groups": [3], "user_permissions": []}}, {"model": "auth.user", "pk": 5, "fields": {"password": "pbkdf2_sha256$1200000$7tTzFY5bTiSundTWVMfKaG$p5qj19/Y0GohYm8QBNyApos0UdxP2q82J5QhqQ/qhOE=", "last_login": null, "is_superuser": false, "username": "contribuyente", "first_name": "", "last_name": "", "email": "", "is_staff": false, "is_active": true, "date_joined": "2026-03-05T12:56:14Z", "groups": [], "user_permissions": [1, 8, 20, 28, 36, 24]}}, {"model": "sessions.session", "pk": "f18w7r2dn7ezjdm6qoh3j3m6n2t6puq8", "fields": {"session_data": ".eJxVjMsOwiAQAP9lz4a4BbbQo_d-Q8PCIlUDSR8n47-bJj3odWYyb5jCvpVpX2WZ5gQDIFx-GYf4lHqI9Aj13lRsdVtmVkeiTruqsSV53c72b1DCWmAARi2cnGGrLWbNXU_EOhjnvUdnbRCUTKanLJa08eivTnPMQmSwsz18vtCTNv0:1w26rX:U48ssQbFA4E9--N84TtArrYOhMB58w8EXuiQcebT_Ug", "expire_date": "2026-03-30T12:15:59.714Z"}}, {"model": "reclamos.tiporeclamo", "pk": 1, "fields": {"nombre": "GENERAL", "descripcion": "Reclamo del tipo general. El administrador asigna luego el area", "activo": true}}, {"model": "reclamos.tiporeclamo", "pk": 2, "fields": {"nombre": "PODA", "descripcion": "Poda de arboles y arbustos", "activo": true}}, {"model": "reclamos.tiporeclamo", "pk": 3, "fields": {"nombre": "LUZ", "descripcion": "Energia espacios publicos y tendido electrico", "activo": true}}, {"model": "reclamos.tiporeclamo", "pk": 4, "fields": {"nombre": "CLOACA", "descripcion": "Obstrucciones y red de cloacas", "activo": true}}, {"model": "reclamos.tiporeclamo", "pk": 5, "fields": {"nombre": "CAMINOS", "descripcion": "Caminos y pavimento", "activo": true}}, {"model": "reclamos.tiporeclamo", "pk": 6, "fields": {"nombre": "RESIDUOS", "descripcion": "Acopio de residuos", "activo": true}}, {"model": "reclamos.tiporeclamo", "pk": 7, "fields": {"nombre": "RECOLECCION_RESIDUOS", "descripcion": "Recoleccion de residuos", "activo": true}}, {"model": "reclamos.estadoreclamo", "pk": 1, "fields": {"nombre": "INGRESO", "descripcion": "Ingreso del reclamo al sistema", "activo": true}}, {"model": "reclamos.estadoreclamo", "pk": 2, "fields": {"nombre": "EN_PROCESO", "descripcion": "Reclamo en proceso de analisis", "activo": true}}, {"model": "reclamos.estadoreclamo", "pk": 3, "fields": {"nombre": "EN_REVISION", "descripcion": "Area analizando el reclamo para validar", "activo": true}}, {"model": "reclamos.estadoreclamo", "pk": 4, "fields": {"nombre": "VALIDADO", "descripcion": "Reclamo atendido y en proceso de solucion", "activo": true}}, {"model": "reclamos.estadoreclamo", "pk": 5, "fields": {"nombre": "FINALIZADO", "descripcion": "Finalizado", "activo": true}}, {"model": "reclamos.estadoreclamo", "pk": 6, "fields": {"nombre": "CANCELADO", "descripcion": "Reclamo cancelado", "activo": true}}, {"model": "reclamos.estadoreclamo", "pk": 7, "fields": {"nombre": "ANULADO", "descripcion": "Reclamo no valido", "activo": true}}, {"model": "reclamos.contribuyente", "pk": 1, "fields": {"dni": "29048298", "apellido": "FERREYRA ", "nombres": "MARTIN EXEQUIEL", "telefono": "3426153255", "email": "martinferre81@hotmail.com", "fecha_alta": "2026-03-16T12:17:17.527Z"}}, {"model": "reclamos.contribuyente", "pk": 2, "fields": {"dni": "24502369", "apellido": "GONZALES", "nombres": "NESTOR FABIAN", "telefono": "3435201369", "email": "monitor.im.sistemas@gmail.com", "fecha_alta": "2026-03-17T11:55:43.098Z"}}, {"model": "reclamos.contribuyente", "pk": 3, "fields": {"dni": "19023411", "apellido": "ORTEGA", "nombres": " INES GLADYS", "telefono": "3436209743", "email": "martinferre81@hotmail.com", "fecha_alta": "2026-03-17T12:07:38.146Z"}}, {"model": "reclamos.contribuyente", "pk": 4, "fields": {"dni": "17639028", "apellido": "LOPEZ", "nombres": "JUAN CARLOS", "telefono": "3434902511", "email": "monitor.im.sistemas@gmail.com", "fecha_alta": "2026-03-17T12:35:57.420Z"}}, {"model": "reclamos.contribuyente", "pk": 5, "fields": {"dni": "17203641", "apellido": "GUTIERREZ", "nombres": "NORMA EMILCE", "telefono": "3435844157", "email": "martinferre81@hotmail.com", "fecha_alta": "2026-03-17T13:36:24.942Z"}}, {"model": "reclamos.contribuyente", "pk": 6, "fields": {"dni": "26488901", "apellido": "ALVAREZ", "nombres": "JULIO MARCELO", "telefono": "3426258966", "email": "martinferre81@hotmail.com", "fecha_alta": "2026-03-17T13:54:08.151Z"}}, {"model": "reclamos.contribuyente", "pk": 7, "fields": {"dni": "17603259", "apellido": "ASTUDILLO", "nombres": "ALFREDO JUAN", "telefono": "3435488201", "email": "martinferre81@hotmail.com", "fecha_alta": "2026-03-17T14:02:28.441Z"}}, {"model": "reclamos.contribuyente", "pk": 8, "fields": {"dni": "23550197", "apellido": "PEREZ", "nombres": "MIGUEL ANGEL", "telefono": "3434367851", "email": "martinferre81@hotmail.com", "fecha_alta": "2026-03-17T14:05:49.243Z"}}, {"model": "reclamos.contribuyente", "pk": 9, "fields": {"dni": "17904344", "apellido": "GODOY", "nombres": "MONICA JULIA", "telefono": "3435107841", "email": "martinferre81@hotmail.com", "fecha_alta": "2026-03-17T14:09:46.558Z"}}, {"model": "reclamos.contribuyente", "pk": 10, "fields": {"dni": "21302566", "apellido": "PORTEL", "nombres": "JOSE CARLOS", "telefono": "3424211459", "email": "martinferre81@hotmail.com", "fecha_alta": "2026-03-17T14:18:36.166Z"}}, {"model": "reclamos.contribuyente", "pk": 11, "fields": {"dni": "40654138", "apellido": "DIAZ", "nombres": "GERMAN ALBERTO", "telefono": "3434905314", "email": "martinferre81@hotmail.com", "fecha_alta": "2026-03-17T14:35:46.332Z"}}, {"model": "reclamos.contribuyente", "pk": 12, "fields": {"dni": "17569852", "apellido": "GIMENEZ", "nombres": "MARIA VICTORIA", "telefono": "3436209105", "email": "martinferre81@hotmail.com", "fecha_alta": "2026-03-17T15:12:40.389Z"}}, {"model": "reclamos.reclamo", "pk": 1, "fields": {"usuario": 1, "usuario_ult_modificacion": 1, "id_contribuyente": 1, "direccion": "BELGRANO 4125", "numero": "VM-2026-000001", "titulo": "Luz rota", "descripcion": "Luz rota en la intersección de Belgrano y Junin", "tipo_reclamo": 3, "estado": 5, "prioridad": 2, "fecha_creacion": "2026-03-16T12:17:17.671Z", "fecha_ultima_modificacion": "2026-03-19T12:59:36.745Z", "fecha_cierre": "2026-03-16T14:36:09.380Z"}}, {"model": "reclamos.reclamo", "pk": 2, "fields": {"usuario": 1, "usuario_ult_modificacion": 1, "id_contribuyente": 1, "direccion": "RIVADAVIA 3751", "numero": "VM-2026-000002", "titulo": "Arbol viejo", "descripcion": "Arbol muy viejo y seco, esta por caer.", "tipo_reclamo": 2, "estado": 1, "prioridad": 1, "fecha_creacion": "2026-03-16T17:48:22.009Z", "fecha_ultima_modificacion": "2026-03-16T19:58:32.470Z", "fecha_cierre": null}}, {"model": "reclamos.reclamo", "pk": 3, "fields": {"usuario": 1, "usuario_ult_modificacion": 1, "id_contribuyente": 1, "direccion": "terteerter", "numero": "VM-2026-000003", "titulo": "grererte", "descripcion": "terteerte", "tipo_reclamo": 5, "estado": 2, "prioridad": 1, "fecha_creacion": "2026-03-16T19:53:17.460Z", "fecha_ultima_modificacion": "2026-03-16T19:55:19.352Z", "fecha_cierre": null}}, {"model": "reclamos.reclamo", "pk": 4, "fields": {"usuario": 1, "usuario_ult_modificacion": 1, "id_contribuyente": 1, "direccion": "Pje Ugarte 7503", "numero": "VM-2026-000004", "titulo": "Calle rota y perdida de agua", "descripcion": "La calle esta rota y se encuentra una perdida de agua.", "tipo_reclamo": 5, "estado": 3, "prioridad": 1, "fecha_creacion": "2026-03-16T19:56:03.848Z", "fecha_ultima_modificacion": "2026-03-17T11:28:01.491Z", "fecha_cierre": null}}, {"model": "reclamos.reclamo", "pk": 5, "fields": {"usuario": 1, "usuario_ult_modificacion": 1, "id_contribuyente": 2, "direccion": "URQUIZA 5169", "numero": "VM-2026-000005", "titulo": "Arbol cortando cables", "descripcion": "Arbol grande esta enganchado con los cables de alta tensión. A punto de cortar uno.", "tipo_reclamo": 2, "estado": 3, "prioridad": 1, "fecha_creacion": "2026-03-17T11:55:43.296Z", "fecha_ultima_modificacion": "2026-03-17T11:59:28.105Z", "fecha_cierre": null}}, {"model": "reclamos.reclamo", "pk": 6, "fields": {"usuario": 1, "usuario_ult_modificacion": null, "id_contribuyente": 3, "direccion": "Calle 41 al 2000", "numero": "VM-2026-000006", "titulo": "Recolector no pasa por la cuadra", "descripcion": "Hace una semana que el camión recolector no esta pasando.", "tipo_reclamo": 7, "estado": 1, "prioridad": 1, "fecha_creacion": "2026-03-17T12:07:38.262Z", "fecha_ultima_modificacion": "2026-03-17T12:07:38.262Z", "fecha_cierre": null}}, {"model": "reclamos.reclamo", "pk": 7, "fields": {"usuario": 1, "usuario_ult_modificacion": 1, "id_contribuyente": 4, "direccion": "SAN JOSE 4201", "numero": "VM-2026-000007", "titulo": "LAMPARA QUEMADA", "descripcion": "LA LUMINARIA DE LA CALLE ESTA QUEMADA", "tipo_reclamo": 3, "estado": 2, "prioridad": 1, "fecha_creacion": "2026-03-17T12:35:57.531Z", "fecha_ultima_modificacion": "2026-03-17T13:23:04.779Z", "fecha_cierre": null}}, {"model": "reclamos.reclamo", "pk": 8, "fields": {"usuario": 1, "usuario_ult_modificacion": 1, "id_contribuyente": 4, "direccion": "Ruta 11 km 42.5", "numero": "VM-2026-000008", "titulo": "Ruta con pozo", "descripcion": "Se produjo un pozo grande muy peligroso", "tipo_reclamo": 5, "estado": 4, "prioridad": 2, "fecha_creacion": "2026-03-17T12:52:00.182Z", "fecha_ultima_modificacion": "2026-03-17T13:34:17.092Z", "fecha_cierre": null}}, {"model": "reclamos.reclamo", "pk": 9, "fields": {"usuario": 1, "usuario_ult_modificacion": 1, "id_contribuyente": 5, "direccion": "RIVADAVIA 6029", "numero": "VM-2026-000009", "titulo": "Arbol seco por caerse", "descripcion": "Un arbol viejo y seco esta por caer.", "tipo_reclamo": 2, "estado": 1, "prioridad": 3, "fecha_creacion": "2026-03-17T13:36:25.078Z", "fecha_ultima_modificacion": "2026-03-17T13:40:56.161Z", "fecha_cierre": null}}, {"model": "reclamos.reclamo", "pk": 10, "fields": {"usuario": 1, "usuario_ult_modificacion": null, "id_contribuyente": 6, "direccion": "BALCARCE 7102", "numero": "VM-2026-000010", "titulo": "Caño roto, derrame en la calle", "descripcion": "Caño roto u obstruido. Hay mucha agua contaminada en la calle y vereda.", "tipo_reclamo": 4, "estado": 1, "prioridad": 1, "fecha_creacion": "2026-03-17T13:54:08.315Z", "fecha_ultima_modificacion": "2026-03-17T13:54:08.315Z", "fecha_cierre": null}}, {"model": "reclamos.reclamo", "pk": 11, "fields": {"usuario": 1, "usuario_ult_modificacion": 1, "id_contribuyente": 7, "direccion": "RUTA 11 KM 25", "numero": "VM-2026-000011", "titulo": "SEÑALIZACION VANDALIZADA", "descripcion": "SEÑALIZACIÓN DE VÍAS VANDALIZADA, NO SE PUEDE VER EL CARTEL. PELIGROSO PORQUE A LOS 1000 METROS SE ENCUENTRA UN CRUCE DE VIAS", "tipo_reclamo": 5, "estado": 5, "prioridad": 1, "fecha_creacion": "2026-03-17T14:02:28.586Z", "fecha_ultima_modificacion": "2026-03-17T15:16:53.091Z", "fecha_cierre": "2026-03-17T15:16:53.091Z"}}, {"model": "reclamos.reclamo", "pk": 12, "fields": {"usuario": 1, "usuario_ult_modificacion": null, "id_contribuyente": 8, "direccion": "prueba 1234", "numero": "VM-2026-000012", "titulo": "Prueba", "descripcion": "Es una prueba", "tipo_reclamo": 5, "estado": 1, "prioridad": 1, "fecha_creacion": "2026-03-17T14:05:49.407Z", "fecha_ultima_modificacion": "2026-03-17T14:05:49.407Z", "fecha_cierre": null}}, {"model": "reclamos.reclamo", "pk": 13, "fields": {"usuario": 1, "usuario_ult_modificacion": null, "id_contribuyente": 9, "direccion": "Prueba 1234", "numero": "VM-2026-000013", "titulo": "Prueba", "descripcion": "Es una prueba", "tipo_reclamo": 3, "estado": 1, "prioridad": 1, "fecha_creacion": "2026-03-17T14:09:46.721Z", "fecha_ultima_modificacion": "2026-03-17T14:09:46.722Z", "fecha_cierre": null}}, {"model": "reclamos.reclamo", "pk": 14, "fields": {"usuario": 1, "usuario_ult_modificacion": null, "id_contribuyente": 10, "direccion": "Prueba 1234", "numero": "VM-2026-000014", "titulo": "Prueba", "descripcion": "Prueba", "tipo_reclamo": 3, "estado": 1, "prioridad": 1, "fecha_creacion": "2026-03-17T14:18:36.322Z", "fecha_ultima_modificacion": "2026-03-17T14:18:36.322Z", "fecha_cierre": null}}, {"model": "reclamos.reclamo", "pk": 15, "fields": {"usuario": 1, "usuario_ult_modificacion": null, "id_contribuyente": 11, "direccion": "PRUEBA1234", "numero": "VM-2026-000015", "titulo": "PRUEBA", "descripcion": "PRUEBA", "tipo_reclamo": 4, "estado": 1, "prioridad": 1, "fecha_creacion": "2026-03-17T14:35:46.453Z", "fecha_ultima_modificacion": "2026-03-17T14:35:46.453Z", "fecha_cierre": null}}, {"model": "reclamos.reclamo", "pk": 16, "fields": {"usuario": 1, "usuario_ult_modificacion": 1, "id_contribuyente": 1, "direccion": "prueba 4125", "numero": "VM-2026-000016", "titulo": "prueba", "descripcion": "prueba", "tipo_reclamo": 5, "estado": 2, "prioridad": 1, "fecha_creacion": "2026-03-17T14:37:20.478Z", "fecha_ultima_modificacion": "2026-03-17T15:32:41.684Z", "fecha_cierre": null}}, {"model": "reclamos.reclamo", "pk": 17, "fields": {"usuario": 1, "usuario_ult_modificacion": 1, "id_contribuyente": 1, "direccion": "PRUEBA1234567", "numero": "VM-2026-000017", "titulo": "PRUEBA", "descripcion": "PRUEBA", "tipo_reclamo": 5, "estado": 5, "prioridad": 3, "fecha_creacion": "2026-03-17T14:49:13.383Z", "fecha_ultima_modificacion": "2026-03-17T15:29:19.741Z", "fecha_cierre": "2026-03-17T15:29:19.741Z"}}, {"model": "reclamos.reclamo", "pk": 18, "fields": {"usuario": 1, "usuario_ult_modificacion": 1, "id_contribuyente": 12, "direccion": "HUERGO 4320", "numero": "VM-2026-000018", "titulo": "Residuos sin recoleccion", "descripcion": "Hace 3 dias que no se recolectan los residuos de la calle huergo al 4300", "tipo_reclamo": 7, "estado": 3, "prioridad": 3, "fecha_creacion": "2026-03-17T15:12:40.581Z", "fecha_ultima_modificacion": "2026-03-19T12:58:44.151Z", "fecha_cierre": null}}, {"model": "reclamos.historialreclamo", "pk": 1, "fields": {"reclamo": 1, "usuario": 1, "accion": "Actualización de reclamo", "estado_anterior": null, "estado_nuevo": null, "tipo_anterior": null, "tipo_nuevo": null, "prioridad_anterior": null, "prioridad_nueva": null, "titulo_anterior": null, "titulo_nuevo": null, "descripcion_anterior": null, "descripcion_nueva": null, "vecino_anterior": null, "vecino_nuevo": null, "fecha": "2026-03-16T12:18:16.602Z", "comentario": "Se envio la cuadrilla de alumbrado publico. "}}, {"model": "reclamos.historialreclamo", "pk": 2, "fields": {"reclamo": 1, "usuario": 1, "accion": "Actualización de reclamo", "estado_anterior": 1, "estado_nuevo": 2, "tipo_anterior": null, "tipo_nuevo": null, "prioridad_anterior": null, "prioridad_nueva": null, "titulo_anterior": null, "titulo_nuevo": null, "descripcion_anterior": null, "descripcion_nueva": null, "vecino_anterior": null, "vecino_nuevo": null, "fecha": "2026-03-16T14:24:07.951Z", "comentario": ""}}, {"model": "reclamos.historialreclamo", "pk": 3, "fields": {"reclamo": 1, "usuario": 1, "accion": "Actualización de reclamo", "estado_anterior": 2, "estado_nuevo": 5, "tipo_anterior": null, "tipo_nuevo": null, "prioridad_anterior": 1, "prioridad_nueva": 2, "titulo_anterior": null, "titulo_nuevo": null, "descripcion_anterior": null, "descripcion_nueva": null, "vecino_anterior": null, "vecino_nuevo": null, "fecha": "2026-03-16T14:36:09.480Z", "comentario": ""}}, {"model": "reclamos.historialreclamo", "pk": 4, "fields": {"reclamo": 1, "usuario": 1, "accion": "Actualización de reclamo", "estado_anterior": 5, "estado_nuevo": 2, "tipo_anterior": null, "tipo_nuevo": null, "prioridad_anterior": null, "prioridad_nueva": null, "titulo_anterior": null, "titulo_nuevo": null, "descripcion_anterior": null, "descripcion_nueva": null, "vecino_anterior": null, "vecino_nuevo": null, "fecha": "2026-03-16T14:36:32.376Z", "comentario": ""}}, {"model": "reclamos.historialreclamo", "pk": 5, "fields": {"reclamo": 1, "usuario": 1, "accion": "Actualización de reclamo", "estado_anterior": 2, "estado_nuevo": 3, "tipo_anterior": null, "tipo_nuevo": null, "prioridad_anterior": null, "prioridad_nueva": null, "titulo_anterior": null, "titulo_nuevo": null, "descripcion_anterior": null, "descripcion_nueva": null, "vecino_anterior": null, "vecino_nuevo": null, "fecha": "2026-03-16T14:36:55.645Z", "comentario": ""}}, {"model": "reclamos.historialreclamo", "pk": 6, "fields": {"reclamo": 4, "usuario": 1, "accion": "Actualización de reclamo", "estado_anterior": 1, "estado_nuevo": 2, "tipo_anterior": null, "tipo_nuevo": null, "prioridad_anterior": null, "prioridad_nueva": null, "titulo_anterior": null, "titulo_nuevo": null, "descripcion_anterior": null, "descripcion_nueva": null, "vecino_anterior": null, "vecino_nuevo": null, "fecha": "2026-03-16T20:07:45.940Z", "comentario": ""}}, {"model": "reclamos.historialreclamo", "pk": 7, "fields": {"reclamo": 4, "usuario": 1, "accion": "Actualización de reclamo", "estado_anterior": 2, "estado_nuevo": 1, "tipo_anterior": null, "tipo_nuevo": null, "prioridad_anterior": null, "prioridad_nueva": null, "titulo_anterior": null, "titulo_nuevo": null, "descripcion_anterior": null, "descripcion_nueva": null, "vecino_anterior": null, "vecino_nuevo": null, "fecha": "2026-03-16T20:08:20.115Z", "comentario": ""}}, {"model": "reclamos.historialreclamo", "pk": 8, "fields": {"reclamo": 4, "usuario": 1, "accion": "Actualización de reclamo", "estado_anterior": 1, "estado_nuevo": 3, "tipo_anterior": null, "tipo_nuevo": null, "prioridad_anterior": null, "prioridad_nueva": null, "titulo_anterior": null, "titulo_nuevo": null, "descripcion_anterior": null, "descripcion_nueva": null, "vecino_anterior": null, "vecino_nuevo": null, "fecha": "2026-03-17T11:28:05.388Z", "comentario": ""}}, {"model": "reclamos.historialreclamo", "pk": 9, "fields": {"reclamo": 5, "usuario": 1, "accion": "Actualización de reclamo", "estado_anterior": 1, "estado_nuevo": 3, "tipo_anterior": null, "tipo_nuevo": null, "prioridad_anterior": null, "prioridad_nueva": null, "titulo_anterior": null, "titulo_nuevo": null, "descripcion_anterior": null, "descripcion_nueva": null, "vecino_anterior": null, "vecino_nuevo": null, "fecha": "2026-03-17T11:59:28.207Z", "comentario": ""}}, {"model": "reclamos.historialreclamo", "pk": 10, "fields": {"reclamo": 8, "usuario": 1, "accion": "Actualización de reclamo", "estado_anterior": 1, "estado_nuevo": 2, "tipo_anterior": null, "tipo_nuevo": null, "prioridad_anterior": null, "prioridad_nueva": null, "titulo_anterior": null, "titulo_nuevo": null, "descripcion_anterior": null, "descripcion_nueva": null, "vecino_anterior": null, "vecino_nuevo": null, "fecha": "2026-03-17T12:53:29.564Z", "comentario": ""}}, {"model": "reclamos.historialreclamo", "pk": 11, "fields": {"reclamo": 8, "usuario": 1, "accion": "Actualización de reclamo", "estado_anterior": 2, "estado_nuevo": 3, "tipo_anterior": null, "tipo_nuevo": null, "prioridad_anterior": null, "prioridad_nueva": null, "titulo_anterior": null, "titulo_nuevo": null, "descripcion_anterior": null, "descripcion_nueva": null, "vecino_anterior": null, "vecino_nuevo": null, "fecha": "2026-03-17T13:21:08.899Z", "comentario": ""}}, {"model": "reclamos.historialreclamo", "pk": 12, "fields": {"reclamo": 7, "usuario": 1, "accion": "Actualización de reclamo", "estado_anterior": 1, "estado_nuevo": 2, "tipo_anterior": null, "tipo_nuevo": null, "prioridad_anterior": null, "prioridad_nueva": null, "titulo_anterior": null, "titulo_nuevo": null, "descripcion_anterior": null, "descripcion_nueva": null, "vecino_anterior": null, "vecino_nuevo": null, "fecha": "2026-03-17T13:23:04.917Z", "comentario": ""}}, {"model": "reclamos.historialreclamo", "pk": 13, "fields": {"reclamo": 8, "usuario": 1, "accion": "Actualización de reclamo", "estado_anterior": 3, "estado_nuevo": 2, "tipo_anterior": null, "tipo_nuevo": null, "prioridad_anterior": null, "prioridad_nueva": null, "titulo_anterior": null, "titulo_nuevo": null, "descripcion_anterior": null, "descripcion_nueva": null, "vecino_anterior": null, "vecino_nuevo": null, "fecha": "2026-03-17T13:32:51.453Z", "comentario": ""}}, {"model": "reclamos.historialreclamo", "pk": 14, "fields": {"reclamo": 8, "usuario": 1, "accion": "Actualización de reclamo", "estado_anterior": 2, "estado_nuevo": 4, "tipo_anterior": null, "tipo_nuevo": null, "prioridad_anterior": 1, "prioridad_nueva": 2, "titulo_anterior": null, "titulo_nuevo": null, "descripcion_anterior": null, "descripcion_nueva": null, "vecino_anterior": null, "vecino_nuevo": null, "fecha": "2026-03-17T13:34:17.217Z", "comentario": ""}}, {"model": "reclamos.historialreclamo", "pk": 15, "fields": {"reclamo": 9, "usuario": 1, "accion": "Actualización de reclamo", "estado_anterior": null, "estado_nuevo": null, "tipo_anterior": null, "tipo_nuevo": null, "prioridad_anterior": 1, "prioridad_nueva": 3, "titulo_anterior": null, "titulo_nuevo": null, "descripcion_anterior": null, "descripcion_nueva": null, "vecino_anterior": null, "vecino_nuevo": null, "fecha": "2026-03-17T13:40:56.287Z", "comentario": ""}}, {"model": "reclamos.historialreclamo", "pk": 16, "fields": {"reclamo": 11, "usuario": 1, "accion": "Actualización de reclamo", "estado_anterior": 1, "estado_nuevo": 2, "tipo_anterior": null, "tipo_nuevo": null, "prioridad_anterior": null, "prioridad_nueva": null, "titulo_anterior": null, "titulo_nuevo": null, "descripcion_anterior": null, "descripcion_nueva": null, "vecino_anterior": null, "vecino_nuevo": null, "fecha": "2026-03-17T14:03:02.990Z", "comentario": ""}}, {"model": "reclamos.historialreclamo", "pk": 17, "fields": {"reclamo": 18, "usuario": 1, "accion": "Actualización de reclamo", "estado_anterior": 1, "estado_nuevo": 3, "tipo_anterior": null, "tipo_nuevo": null, "prioridad_anterior": null, "prioridad_nueva": null, "titulo_anterior": null, "titulo_nuevo": null, "descripcion_anterior": null, "descripcion_nueva": null, "vecino_anterior": null, "vecino_nuevo": null, "fecha": "2026-03-17T15:13:34.613Z", "comentario": ""}}, {"model": "reclamos.historialreclamo", "pk": 18, "fields": {"reclamo": 18, "usuario": 1, "accion": "Actualización de reclamo", "estado_anterior": null, "estado_nuevo": null, "tipo_anterior": null, "tipo_nuevo": null, "prioridad_anterior": 1, "prioridad_nueva": 2, "titulo_anterior": null, "titulo_nuevo": null, "descripcion_anterior": null, "descripcion_nueva": null, "vecino_anterior": null, "vecino_nuevo": null, "fecha": "2026-03-17T15:15:29.307Z", "comentario": "Se envio personal a limpiar."}}, {"model": "reclamos.historialreclamo", "pk": 19, "fields": {"reclamo": 11, "usuario": 1, "accion": "Actualización de reclamo", "estado_anterior": 2, "estado_nuevo": 5, "tipo_anterior": null, "tipo_nuevo": null, "prioridad_anterior": null, "prioridad_nueva": null, "titulo_anterior": null, "titulo_nuevo": null, "descripcion_anterior": null, "descripcion_nueva": null, "vecino_anterior": null, "vecino_nuevo": null, "fecha": "2026-03-17T15:16:53.210Z", "comentario": "Se cambio el cartel 20/03/2026."}}, {"model": "reclamos.historialreclamo", "pk": 20, "fields": {"reclamo": 17, "usuario": 1, "accion": "Actualización de reclamo", "estado_anterior": 1, "estado_nuevo": 3, "tipo_anterior": null, "tipo_nuevo": null, "prioridad_anterior": null, "prioridad_nueva": null, "titulo_anterior": null, "titulo_nuevo": null, "descripcion_anterior": null, "descripcion_nueva": null, "vecino_anterior": null, "vecino_nuevo": null, "fecha": "2026-03-17T15:27:49.292Z", "comentario": "Control."}}, {"model": "reclamos.historialreclamo", "pk": 21, "fields": {"reclamo": 17, "usuario": 1, "accion": "Actualización de reclamo", "estado_anterior": 3, "estado_nuevo": 2, "tipo_anterior": null, "tipo_nuevo": null, "prioridad_anterior": null, "prioridad_nueva": null, "titulo_anterior": null, "titulo_nuevo": null, "descripcion_anterior": null, "descripcion_nueva": null, "vecino_anterior": null, "vecino_nuevo": null, "fecha": "2026-03-17T15:28:36.907Z", "comentario": ""}}, {"model": "reclamos.historialreclamo", "pk": 22, "fields": {"reclamo": 17, "usuario": 1, "accion": "Actualización de reclamo", "estado_anterior": null, "estado_nuevo": null, "tipo_anterior": null, "tipo_nuevo": null, "prioridad_anterior": 1, "prioridad_nueva": 3, "titulo_anterior": null, "titulo_nuevo": null, "descripcion_anterior": null, "descripcion_nueva": null, "vecino_anterior": null, "vecino_nuevo": null, "fecha": "2026-03-17T15:28:51.227Z", "comentario": ""}}, {"model": "reclamos.historialreclamo", "pk": 23, "fields": {"reclamo": 17, "usuario": 1, "accion": "Actualización de reclamo", "estado_anterior": 2, "estado_nuevo": 5, "tipo_anterior": null, "tipo_nuevo": null, "prioridad_anterior": null, "prioridad_nueva": null, "titulo_anterior": null, "titulo_nuevo": null, "descripcion_anterior": null, "descripcion_nueva": null, "vecino_anterior": null, "vecino_nuevo": null, "fecha": "2026-03-17T15:29:19.855Z", "comentario": ""}}, {"model": "reclamos.historialreclamo", "pk": 24, "fields": {"reclamo": 18, "usuario": 1, "accion": "Actualización de reclamo", "estado_anterior": null, "estado_nuevo": null, "tipo_anterior": null, "tipo_nuevo": null, "prioridad_anterior": 2, "prioridad_nueva": 3, "titulo_anterior": null, "titulo_nuevo": null, "descripcion_anterior": null, "descripcion_nueva": null, "vecino_anterior": null, "vecino_nuevo": null, "fecha": "2026-03-17T15:32:11.222Z", "comentario": ""}}, {"model": "reclamos.historialreclamo", "pk": 25, "fields": {"reclamo": 16, "usuario": 1, "accion": "Actualización de reclamo", "estado_anterior": 1, "estado_nuevo": 2, "tipo_anterior": null, "tipo_nuevo": null, "prioridad_anterior": null, "prioridad_nueva": null, "titulo_anterior": null, "titulo_nuevo": null, "descripcion_anterior": null, "descripcion_nueva": null, "vecino_anterior": null, "vecino_nuevo": null, "fecha": "2026-03-17T15:32:41.817Z", "comentario": ""}}, {"model": "reclamos.historialreclamo", "pk": 26, "fields": {"reclamo": 18, "usuario": 1, "accion": "Actualización de reclamo", "estado_anterior": null, "estado_nuevo": null, "tipo_anterior": null, "tipo_nuevo": null, "prioridad_anterior": null, "prioridad_nueva": null, "titulo_anterior": null, "titulo_nuevo": null, "descripcion_anterior": null, "descripcion_nueva": null, "vecino_anterior": null, "vecino_nuevo": null, "fecha": "2026-03-19T12:58:44.273Z", "comentario": "Se vuelve a enviar a una cuadrilla para recoleccion"}}, {"model": "reclamos.historialreclamo", "pk": 27, "fields": {"reclamo": 1, "usuario": 1, "accion": "Actualización de reclamo", "estado_anterior": 3, "estado_nuevo": 5, "tipo_anterior": null, "tipo_nuevo": null, "prioridad_anterior": null, "prioridad_nueva": null, "titulo_anterior": null, "titulo_nuevo": null, "descripcion_anterior": null, "descripcion_nueva": null, "vecino_anterior": null, "vecino_nuevo": null, "fecha": "2026-03-19T12:59:36.841Z", "comentario": ""}}, {"model": "reclamos.reclamofoto", "pk": 1, "fields": {"reclamo": 1, "imagen": "reclamos/1/d121532e-fb96-427e-9524-2374c29e2f6b.png", "fecha": "2026-03-16T12:17:17.854Z"}}, {"model": "reclamos.reclamofoto", "pk": 2, "fields": {"reclamo": 2, "imagen": "reclamos/2/8adaa74a-2de9-4420-8513-dff79d53764b.png", "fecha": "2026-03-16T17:48:22.126Z"}}, {"model": "reclamos.reclamofoto", "pk": 3, "fields": {"reclamo": 3, "imagen": "reclamos/3/f98faae3-19b0-4588-9803-0fdbee2e5277.png", "fecha": "2026-03-16T19:53:17.620Z"}}, {"model": "reclamos.reclamofoto", "pk": 4, "fields": {"reclamo": 4, "imagen": "reclamos/4/cc2f545c-9aae-440c-865c-6bf4300e6203.png", "fecha": "2026-03-16T19:56:03.967Z"}}, {"model": "reclamos.reclamofoto", "pk": 5, "fields": {"reclamo": 5, "imagen": "reclamos/5/227d1b84-fb80-4270-b1e0-a02ef2862945.png", "fecha": "2026-03-17T11:55:43.445Z"}}, {"model": "reclamos.reclamofoto", "pk": 6, "fields": {"reclamo": 6, "imagen": "reclamos/6/22ef455c-d49b-4844-94ca-e66d887e6331.png", "fecha": "2026-03-17T12:07:38.399Z"}}, {"model": "reclamos.reclamofoto", "pk": 7, "fields": {"reclamo": 7, "imagen": "reclamos/7/b5b918ed-06f7-4dd3-9fa1-ebf55892b178.jpg", "fecha": "2026-03-17T12:35:57.637Z"}}, {"model": "reclamos.reclamofoto", "pk": 8, "fields": {"reclamo": 8, "imagen": "reclamos/8/f865b9c6-908d-4665-bbb6-74b7af7c9a3d.jpg", "fecha": "2026-03-17T12:52:00.303Z"}}, {"model": "reclamos.reclamofoto", "pk": 9, "fields": {"reclamo": 9, "imagen": "reclamos/9/fedada59-524c-4058-ba1b-5eccd93a6a0b.jpg", "fecha": "2026-03-17T13:36:25.201Z"}}, {"model": "reclamos.reclamofoto", "pk": 10, "fields": {"reclamo": 10, "imagen": "reclamos/10/f9b8774e-9cb5-45ab-add6-16ae38d18be1.jpg", "fecha": "2026-03-17T13:54:08.461Z"}}, {"model": "reclamos.reclamofoto", "pk": 11, "fields": {"reclamo": 11, "imagen": "reclamos/11/91749e85-c6c1-4799-aad6-721920e509f2.jpg", "fecha": "2026-03-17T14:02:28.734Z"}}, {"model": "reclamos.reclamofoto", "pk": 12, "fields": {"reclamo": 12, "imagen": "reclamos/12/20658263-14fd-40d9-8543-f13f8dbf7c3f.jpg", "fecha": "2026-03-17T14:05:49.555Z"}}, {"model": "reclamos.reclamofoto", "pk": 13, "fields": {"reclamo": 13, "imagen": "reclamos/13/5eea2c09-1813-4dd8-99ae-c9aef95ce92c.jpg", "fecha": "2026-03-17T14:09:46.882Z"}}, {"model": "reclamos.reclamofoto", "pk": 14, "fields": {"reclamo": 14, "imagen": "reclamos/14/08898e9e-ace5-41e1-a0b1-e906078db709.jpg", "fecha": "2026-03-17T14:18:36.481Z"}}, {"model": "reclamos.reclamofoto", "pk": 15, "fields": {"reclamo": 15, "imagen": "reclamos/15/cfd8111f-cd86-4bc5-bb49-a4f1406d271a.jpg", "fecha": "2026-03-17T14:35:46.578Z"}}, {"model": "reclamos.reclamofoto", "pk": 16, "fields": {"reclamo": 16, "imagen": "reclamos/16/1fac6d2a-cd9b-4a4d-9b24-f2c2d0b88ed3.jpg", "fecha": "2026-03-17T14:37:20.637Z"}}, {"model": "reclamos.reclamofoto", "pk": 17, "fields": {"reclamo": 17, "imagen": "reclamos/17/e572176f-760f-40d0-9b93-a672ab13821e.jpg", "fecha": "2026-03-17T14:49:13.548Z"}}, {"model": "reclamos.reclamofoto", "pk": 18, "fields": {"reclamo": 18, "imagen": "reclamos/18/5a14cdc5-4190-47eb-a759-cada6bc019a4.jpg", "fecha": "2026-03-17T15:12:40.726Z"}}]
