--
-- PostgreSQL database dump
--

\restrict fgsvVMVSoRG3s1hsWjPcguv5MKUTCMDcypZV06RBZWJnTiGYHEkCricVV7SHGvf

-- Dumped from database version 18.3
-- Dumped by pg_dump version 18.3

SET statement_timeout = 0;
SET lock_timeout = 0;
SET idle_in_transaction_session_timeout = 0;
SET transaction_timeout = 0;
SET client_encoding = 'UTF8';
SET standard_conforming_strings = on;
SELECT pg_catalog.set_config('search_path', '', false);
SET check_function_bodies = false;
SET xmloption = content;
SET client_min_messages = warning;
SET row_security = off;

--
-- Name: public; Type: SCHEMA; Schema: -; Owner: gmvm_usr
--

-- *not* creating schema, since initdb creates it


ALTER SCHEMA public OWNER TO gmvm_usr;

SET default_tablespace = '';

SET default_table_access_method = heap;

--
-- Name: auth_group; Type: TABLE; Schema: public; Owner: gmvm_usr
--

CREATE TABLE public.auth_group (
    id integer NOT NULL,
    name character varying(150) NOT NULL
);


ALTER TABLE public.auth_group OWNER TO gmvm_usr;

--
-- Name: auth_group_id_seq; Type: SEQUENCE; Schema: public; Owner: gmvm_usr
--

ALTER TABLE public.auth_group ALTER COLUMN id ADD GENERATED BY DEFAULT AS IDENTITY (
    SEQUENCE NAME public.auth_group_id_seq
    START WITH 1
    INCREMENT BY 1
    NO MINVALUE
    NO MAXVALUE
    CACHE 1
);


--
-- Name: auth_group_permissions; Type: TABLE; Schema: public; Owner: gmvm_usr
--

CREATE TABLE public.auth_group_permissions (
    id bigint NOT NULL,
    group_id integer NOT NULL,
    permission_id integer NOT NULL
);


ALTER TABLE public.auth_group_permissions OWNER TO gmvm_usr;

--
-- Name: auth_group_permissions_id_seq; Type: SEQUENCE; Schema: public; Owner: gmvm_usr
--

ALTER TABLE public.auth_group_permissions ALTER COLUMN id ADD GENERATED BY DEFAULT AS IDENTITY (
    SEQUENCE NAME public.auth_group_permissions_id_seq
    START WITH 1
    INCREMENT BY 1
    NO MINVALUE
    NO MAXVALUE
    CACHE 1
);


--
-- Name: auth_permission; Type: TABLE; Schema: public; Owner: gmvm_usr
--

CREATE TABLE public.auth_permission (
    id integer NOT NULL,
    name character varying(255) NOT NULL,
    content_type_id integer NOT NULL,
    codename character varying(100) NOT NULL
);


ALTER TABLE public.auth_permission OWNER TO gmvm_usr;

--
-- Name: auth_permission_id_seq; Type: SEQUENCE; Schema: public; Owner: gmvm_usr
--

ALTER TABLE public.auth_permission ALTER COLUMN id ADD GENERATED BY DEFAULT AS IDENTITY (
    SEQUENCE NAME public.auth_permission_id_seq
    START WITH 1
    INCREMENT BY 1
    NO MINVALUE
    NO MAXVALUE
    CACHE 1
);


--
-- Name: auth_user; Type: TABLE; Schema: public; Owner: gmvm_usr
--

CREATE TABLE public.auth_user (
    id integer NOT NULL,
    password character varying(128) NOT NULL,
    last_login timestamp with time zone,
    is_superuser boolean NOT NULL,
    username character varying(150) NOT NULL,
    first_name character varying(150) NOT NULL,
    last_name character varying(150) NOT NULL,
    email character varying(254) NOT NULL,
    is_staff boolean NOT NULL,
    is_active boolean NOT NULL,
    date_joined timestamp with time zone NOT NULL
);


ALTER TABLE public.auth_user OWNER TO gmvm_usr;

--
-- Name: auth_user_groups; Type: TABLE; Schema: public; Owner: gmvm_usr
--

CREATE TABLE public.auth_user_groups (
    id bigint NOT NULL,
    user_id integer NOT NULL,
    group_id integer NOT NULL
);


ALTER TABLE public.auth_user_groups OWNER TO gmvm_usr;

--
-- Name: auth_user_groups_id_seq; Type: SEQUENCE; Schema: public; Owner: gmvm_usr
--

ALTER TABLE public.auth_user_groups ALTER COLUMN id ADD GENERATED BY DEFAULT AS IDENTITY (
    SEQUENCE NAME public.auth_user_groups_id_seq
    START WITH 1
    INCREMENT BY 1
    NO MINVALUE
    NO MAXVALUE
    CACHE 1
);


--
-- Name: auth_user_id_seq; Type: SEQUENCE; Schema: public; Owner: gmvm_usr
--

ALTER TABLE public.auth_user ALTER COLUMN id ADD GENERATED BY DEFAULT AS IDENTITY (
    SEQUENCE NAME public.auth_user_id_seq
    START WITH 1
    INCREMENT BY 1
    NO MINVALUE
    NO MAXVALUE
    CACHE 1
);


--
-- Name: auth_user_user_permissions; Type: TABLE; Schema: public; Owner: gmvm_usr
--

CREATE TABLE public.auth_user_user_permissions (
    id bigint NOT NULL,
    user_id integer NOT NULL,
    permission_id integer NOT NULL
);


ALTER TABLE public.auth_user_user_permissions OWNER TO gmvm_usr;

--
-- Name: auth_user_user_permissions_id_seq; Type: SEQUENCE; Schema: public; Owner: gmvm_usr
--

ALTER TABLE public.auth_user_user_permissions ALTER COLUMN id ADD GENERATED BY DEFAULT AS IDENTITY (
    SEQUENCE NAME public.auth_user_user_permissions_id_seq
    START WITH 1
    INCREMENT BY 1
    NO MINVALUE
    NO MAXVALUE
    CACHE 1
);


--
-- Name: django_admin_log; Type: TABLE; Schema: public; Owner: gmvm_usr
--

CREATE TABLE public.django_admin_log (
    id integer NOT NULL,
    action_time timestamp with time zone NOT NULL,
    object_id text,
    object_repr character varying(200) NOT NULL,
    action_flag smallint NOT NULL,
    change_message text NOT NULL,
    content_type_id integer,
    user_id integer NOT NULL,
    CONSTRAINT django_admin_log_action_flag_check CHECK ((action_flag >= 0))
);


ALTER TABLE public.django_admin_log OWNER TO gmvm_usr;

--
-- Name: django_admin_log_id_seq; Type: SEQUENCE; Schema: public; Owner: gmvm_usr
--

ALTER TABLE public.django_admin_log ALTER COLUMN id ADD GENERATED BY DEFAULT AS IDENTITY (
    SEQUENCE NAME public.django_admin_log_id_seq
    START WITH 1
    INCREMENT BY 1
    NO MINVALUE
    NO MAXVALUE
    CACHE 1
);


--
-- Name: django_content_type; Type: TABLE; Schema: public; Owner: gmvm_usr
--

CREATE TABLE public.django_content_type (
    id integer NOT NULL,
    app_label character varying(100) NOT NULL,
    model character varying(100) NOT NULL
);


ALTER TABLE public.django_content_type OWNER TO gmvm_usr;

--
-- Name: django_content_type_id_seq; Type: SEQUENCE; Schema: public; Owner: gmvm_usr
--

ALTER TABLE public.django_content_type ALTER COLUMN id ADD GENERATED BY DEFAULT AS IDENTITY (
    SEQUENCE NAME public.django_content_type_id_seq
    START WITH 1
    INCREMENT BY 1
    NO MINVALUE
    NO MAXVALUE
    CACHE 1
);


--
-- Name: django_migrations; Type: TABLE; Schema: public; Owner: gmvm_usr
--

CREATE TABLE public.django_migrations (
    id bigint NOT NULL,
    app character varying(255) NOT NULL,
    name character varying(255) NOT NULL,
    applied timestamp with time zone NOT NULL
);


ALTER TABLE public.django_migrations OWNER TO gmvm_usr;

--
-- Name: django_migrations_id_seq; Type: SEQUENCE; Schema: public; Owner: gmvm_usr
--

ALTER TABLE public.django_migrations ALTER COLUMN id ADD GENERATED BY DEFAULT AS IDENTITY (
    SEQUENCE NAME public.django_migrations_id_seq
    START WITH 1
    INCREMENT BY 1
    NO MINVALUE
    NO MAXVALUE
    CACHE 1
);


--
-- Name: django_session; Type: TABLE; Schema: public; Owner: gmvm_usr
--

CREATE TABLE public.django_session (
    session_key character varying(40) NOT NULL,
    session_data text NOT NULL,
    expire_date timestamp with time zone NOT NULL
);


ALTER TABLE public.django_session OWNER TO gmvm_usr;

--
-- Name: reclamos_contribuyente; Type: TABLE; Schema: public; Owner: gmvm_usr
--

CREATE TABLE public.reclamos_contribuyente (
    id bigint NOT NULL,
    dni character varying(15) NOT NULL,
    apellido character varying(100) NOT NULL,
    nombres character varying(100) NOT NULL,
    telefono character varying(30) NOT NULL,
    email character varying(254) NOT NULL,
    fecha_alta timestamp with time zone NOT NULL
);


ALTER TABLE public.reclamos_contribuyente OWNER TO gmvm_usr;

--
-- Name: reclamos_contribuyente_id_seq; Type: SEQUENCE; Schema: public; Owner: gmvm_usr
--

ALTER TABLE public.reclamos_contribuyente ALTER COLUMN id ADD GENERATED BY DEFAULT AS IDENTITY (
    SEQUENCE NAME public.reclamos_contribuyente_id_seq
    START WITH 1
    INCREMENT BY 1
    NO MINVALUE
    NO MAXVALUE
    CACHE 1
);


--
-- Name: reclamos_estadoreclamo; Type: TABLE; Schema: public; Owner: gmvm_usr
--

CREATE TABLE public.reclamos_estadoreclamo (
    id bigint NOT NULL,
    nombre character varying(50) NOT NULL,
    descripcion character varying(100) NOT NULL,
    activo boolean NOT NULL
);


ALTER TABLE public.reclamos_estadoreclamo OWNER TO gmvm_usr;

--
-- Name: reclamos_estadoreclamo_id_seq; Type: SEQUENCE; Schema: public; Owner: gmvm_usr
--

ALTER TABLE public.reclamos_estadoreclamo ALTER COLUMN id ADD GENERATED BY DEFAULT AS IDENTITY (
    SEQUENCE NAME public.reclamos_estadoreclamo_id_seq
    START WITH 1
    INCREMENT BY 1
    NO MINVALUE
    NO MAXVALUE
    CACHE 1
);


--
-- Name: reclamos_historialreclamo; Type: TABLE; Schema: public; Owner: gmvm_usr
--

CREATE TABLE public.reclamos_historialreclamo (
    id bigint NOT NULL,
    accion character varying(100) NOT NULL,
    prioridad_anterior integer,
    prioridad_nueva integer,
    titulo_anterior character varying(200),
    titulo_nuevo character varying(200),
    descripcion_anterior text,
    descripcion_nueva text,
    vecino_anterior integer,
    vecino_nuevo integer,
    fecha timestamp with time zone NOT NULL,
    comentario text NOT NULL,
    estado_anterior_id bigint,
    estado_nuevo_id bigint,
    usuario_id integer,
    reclamo_id bigint NOT NULL,
    tipo_anterior_id bigint,
    tipo_nuevo_id bigint
);


ALTER TABLE public.reclamos_historialreclamo OWNER TO gmvm_usr;

--
-- Name: reclamos_historialreclamo_id_seq; Type: SEQUENCE; Schema: public; Owner: gmvm_usr
--

ALTER TABLE public.reclamos_historialreclamo ALTER COLUMN id ADD GENERATED BY DEFAULT AS IDENTITY (
    SEQUENCE NAME public.reclamos_historialreclamo_id_seq
    START WITH 1
    INCREMENT BY 1
    NO MINVALUE
    NO MAXVALUE
    CACHE 1
);


--
-- Name: reclamos_reclamo; Type: TABLE; Schema: public; Owner: gmvm_usr
--

CREATE TABLE public.reclamos_reclamo (
    id bigint NOT NULL,
    direccion character varying(250),
    numero character varying(20),
    titulo character varying(200) NOT NULL,
    descripcion text NOT NULL,
    prioridad integer NOT NULL,
    fecha_creacion timestamp with time zone NOT NULL,
    fecha_ultima_modificacion timestamp with time zone NOT NULL,
    fecha_cierre timestamp with time zone,
    estado_id bigint NOT NULL,
    id_contribuyente_id bigint,
    usuario_id integer NOT NULL,
    usuario_ult_modificacion_id integer,
    tipo_reclamo_id bigint NOT NULL
);


ALTER TABLE public.reclamos_reclamo OWNER TO gmvm_usr;

--
-- Name: reclamos_reclamo_id_seq; Type: SEQUENCE; Schema: public; Owner: gmvm_usr
--

ALTER TABLE public.reclamos_reclamo ALTER COLUMN id ADD GENERATED BY DEFAULT AS IDENTITY (
    SEQUENCE NAME public.reclamos_reclamo_id_seq
    START WITH 1
    INCREMENT BY 1
    NO MINVALUE
    NO MAXVALUE
    CACHE 1
);


--
-- Name: reclamos_reclamofoto; Type: TABLE; Schema: public; Owner: gmvm_usr
--

CREATE TABLE public.reclamos_reclamofoto (
    id bigint NOT NULL,
    imagen character varying(100) NOT NULL,
    fecha timestamp with time zone NOT NULL,
    reclamo_id bigint NOT NULL
);


ALTER TABLE public.reclamos_reclamofoto OWNER TO gmvm_usr;

--
-- Name: reclamos_reclamofoto_id_seq; Type: SEQUENCE; Schema: public; Owner: gmvm_usr
--

ALTER TABLE public.reclamos_reclamofoto ALTER COLUMN id ADD GENERATED BY DEFAULT AS IDENTITY (
    SEQUENCE NAME public.reclamos_reclamofoto_id_seq
    START WITH 1
    INCREMENT BY 1
    NO MINVALUE
    NO MAXVALUE
    CACHE 1
);


--
-- Name: reclamos_tiporeclamo; Type: TABLE; Schema: public; Owner: gmvm_usr
--

CREATE TABLE public.reclamos_tiporeclamo (
    id bigint NOT NULL,
    nombre character varying(50) NOT NULL,
    descripcion character varying(100) NOT NULL,
    activo boolean NOT NULL
);


ALTER TABLE public.reclamos_tiporeclamo OWNER TO gmvm_usr;

--
-- Name: reclamos_tiporeclamo_id_seq; Type: SEQUENCE; Schema: public; Owner: gmvm_usr
--

ALTER TABLE public.reclamos_tiporeclamo ALTER COLUMN id ADD GENERATED BY DEFAULT AS IDENTITY (
    SEQUENCE NAME public.reclamos_tiporeclamo_id_seq
    START WITH 1
    INCREMENT BY 1
    NO MINVALUE
    NO MAXVALUE
    CACHE 1
);


--
-- Name: test_perm; Type: TABLE; Schema: public; Owner: gmvm_usr
--

CREATE TABLE public.test_perm (
    id integer NOT NULL
);


ALTER TABLE public.test_perm OWNER TO gmvm_usr;

--
-- Name: test_perm_id_seq; Type: SEQUENCE; Schema: public; Owner: gmvm_usr
--

CREATE SEQUENCE public.test_perm_id_seq
    AS integer
    START WITH 1
    INCREMENT BY 1
    NO MINVALUE
    NO MAXVALUE
    CACHE 1;


ALTER SEQUENCE public.test_perm_id_seq OWNER TO gmvm_usr;

--
-- Name: test_perm_id_seq; Type: SEQUENCE OWNED BY; Schema: public; Owner: gmvm_usr
--

ALTER SEQUENCE public.test_perm_id_seq OWNED BY public.test_perm.id;


--
-- Name: test_perm id; Type: DEFAULT; Schema: public; Owner: gmvm_usr
--

ALTER TABLE ONLY public.test_perm ALTER COLUMN id SET DEFAULT nextval('public.test_perm_id_seq'::regclass);


--
-- Data for Name: auth_group; Type: TABLE DATA; Schema: public; Owner: gmvm_usr
--

COPY public.auth_group (id, name) FROM stdin;
1	ADMINISTRADOR
2	LUZ
3	PODA
4	CLOACA
5	CAMINOS
6	RESIDUOS
7	RECOLECCION_RESIDUOS
\.


--
-- Data for Name: auth_group_permissions; Type: TABLE DATA; Schema: public; Owner: gmvm_usr
--

COPY public.auth_group_permissions (id, group_id, permission_id) FROM stdin;
1	1	1
2	1	2
3	1	3
4	1	4
5	1	5
6	1	6
7	1	7
8	1	8
9	1	9
10	1	10
11	1	11
12	1	12
13	1	13
14	1	14
15	1	15
16	1	16
17	1	17
18	1	18
19	1	19
20	1	20
21	1	21
22	1	22
23	1	23
24	1	24
25	1	25
26	1	26
27	1	27
28	1	28
29	1	29
30	1	30
31	1	31
32	1	32
33	1	33
34	1	34
35	1	35
36	1	36
37	2	1
38	2	34
39	2	36
40	2	33
41	3	1
42	3	34
43	3	33
44	3	36
45	3	21
46	3	22
47	4	1
48	4	34
49	4	33
50	4	36
51	4	21
52	5	1
53	5	34
54	5	33
55	5	36
56	5	21
57	6	1
58	6	34
59	6	33
60	6	36
61	6	21
62	7	1
63	7	34
64	7	33
65	7	36
66	7	21
\.


--
-- Data for Name: auth_permission; Type: TABLE DATA; Schema: public; Owner: gmvm_usr
--

COPY public.auth_permission (id, name, content_type_id, codename) FROM stdin;
1	Can add log entry	1	add_logentry
2	Can change log entry	1	change_logentry
3	Can delete log entry	1	delete_logentry
4	Can view log entry	1	view_logentry
5	Can add permission	3	add_permission
6	Can change permission	3	change_permission
7	Can delete permission	3	delete_permission
8	Can view permission	3	view_permission
9	Can add group	2	add_group
10	Can change group	2	change_group
11	Can delete group	2	delete_group
12	Can view group	2	view_group
13	Can add user	4	add_user
14	Can change user	4	change_user
15	Can delete user	4	delete_user
16	Can view user	4	view_user
17	Can add content type	5	add_contenttype
18	Can change content type	5	change_contenttype
19	Can delete content type	5	delete_contenttype
20	Can view content type	5	view_contenttype
21	Can add session	6	add_session
22	Can change session	6	change_session
23	Can delete session	6	delete_session
24	Can view session	6	view_session
25	Can add contribuyente	7	add_contribuyente
26	Can change contribuyente	7	change_contribuyente
27	Can delete contribuyente	7	delete_contribuyente
28	Can view contribuyente	7	view_contribuyente
29	Can add estado reclamo	8	add_estadoreclamo
30	Can change estado reclamo	8	change_estadoreclamo
31	Can delete estado reclamo	8	delete_estadoreclamo
32	Can view estado reclamo	8	view_estadoreclamo
33	Can add tipo reclamo	12	add_tiporeclamo
34	Can change tipo reclamo	12	change_tiporeclamo
35	Can delete tipo reclamo	12	delete_tiporeclamo
36	Can view tipo reclamo	12	view_tiporeclamo
37	Can add reclamo	10	add_reclamo
38	Can change reclamo	10	change_reclamo
39	Can delete reclamo	10	delete_reclamo
40	Can view reclamo	10	view_reclamo
41	Can add reclamo foto	11	add_reclamofoto
42	Can change reclamo foto	11	change_reclamofoto
43	Can delete reclamo foto	11	delete_reclamofoto
44	Can view reclamo foto	11	view_reclamofoto
45	Can add historial reclamo	9	add_historialreclamo
46	Can change historial reclamo	9	change_historialreclamo
47	Can delete historial reclamo	9	delete_historialreclamo
48	Can view historial reclamo	9	view_historialreclamo
\.


--
-- Data for Name: auth_user; Type: TABLE DATA; Schema: public; Owner: gmvm_usr
--

COPY public.auth_user (id, password, last_login, is_superuser, username, first_name, last_name, email, is_staff, is_active, date_joined) FROM stdin;
2	pbkdf2_sha256$1200000$S60h2QixQi8ZoAW3xT1z2b$GDmXZnIa3NJioQpbCzFDyc7VtwUCVcBoHDfgErTspWI=	2026-03-05 19:11:06.55+00	f	poda_usuario1				f	t	2026-03-05 12:08:23+00
3	pbkdf2_sha256$1200000$VuB9b7SmoTgeMWz0f7BhVk$zrh2V6koLCWSdZ1xgxYL07/MiNmzPlK3ZWRerbwbCdo=	2026-03-05 12:47:40.308+00	f	luz_usuario1				f	t	2026-03-05 12:47:12+00
4	pbkdf2_sha256$1200000$cWl604dTTr55WbAPl8E2Ff$Qru76bMFMpfl5khvzQVrYqbuJlpUwgJlhDq/smWKNQg=	2026-03-05 12:53:44.594+00	f	poda2				f	t	2026-03-05 12:51:19+00
5	pbkdf2_sha256$1200000$7tTzFY5bTiSundTWVMfKaG$p5qj19/Y0GohYm8QBNyApos0UdxP2q82J5QhqQ/qhOE=	\N	f	contribuyente				f	t	2026-03-05 12:56:14+00
1	pbkdf2_sha256$1200000$GDlmNvcfuypnhgZ3lJVONP$BvBTCwm3oWfe0Jf/R2vvFJkdwQ702090V5Gc8BfiKeY=	2026-03-20 11:43:26.922086+00	t	martin				t	t	2026-03-04 12:20:42+00
\.


--
-- Data for Name: auth_user_groups; Type: TABLE DATA; Schema: public; Owner: gmvm_usr
--

COPY public.auth_user_groups (id, user_id, group_id) FROM stdin;
1	1	1
2	2	3
3	3	2
4	4	3
\.


--
-- Data for Name: auth_user_user_permissions; Type: TABLE DATA; Schema: public; Owner: gmvm_usr
--

COPY public.auth_user_user_permissions (id, user_id, permission_id) FROM stdin;
1	5	1
2	5	36
3	5	8
4	5	20
5	5	24
6	5	28
\.


--
-- Data for Name: django_admin_log; Type: TABLE DATA; Schema: public; Owner: gmvm_usr
--

COPY public.django_admin_log (id, action_time, object_id, object_repr, action_flag, change_message, content_type_id, user_id) FROM stdin;
1	2026-03-13 14:34:38.594+00	1	FERREYRA, MARTIN - (DNI: 29048298)	1	[{"added": {}}]	7	1
\.


--
-- Data for Name: django_content_type; Type: TABLE DATA; Schema: public; Owner: gmvm_usr
--

COPY public.django_content_type (id, app_label, model) FROM stdin;
1	admin	logentry
2	auth	group
3	auth	permission
4	auth	user
5	contenttypes	contenttype
6	sessions	session
7	reclamos	contribuyente
8	reclamos	estadoreclamo
9	reclamos	historialreclamo
10	reclamos	reclamo
11	reclamos	reclamofoto
12	reclamos	tiporeclamo
\.


--
-- Data for Name: django_migrations; Type: TABLE DATA; Schema: public; Owner: gmvm_usr
--

COPY public.django_migrations (id, app, name, applied) FROM stdin;
1	contenttypes	0001_initial	2026-03-20 11:23:44.713415+00
2	auth	0001_initial	2026-03-20 11:23:44.852259+00
3	admin	0001_initial	2026-03-20 11:23:44.896461+00
4	admin	0002_logentry_remove_auto_add	2026-03-20 11:23:44.909571+00
5	admin	0003_logentry_add_action_flag_choices	2026-03-20 11:23:44.924011+00
6	contenttypes	0002_remove_content_type_name	2026-03-20 11:23:44.960912+00
7	auth	0002_alter_permission_name_max_length	2026-03-20 11:23:44.975703+00
8	auth	0003_alter_user_email_max_length	2026-03-20 11:23:44.990764+00
9	auth	0004_alter_user_username_opts	2026-03-20 11:23:45.004974+00
10	auth	0005_alter_user_last_login_null	2026-03-20 11:23:45.019642+00
11	auth	0006_require_contenttypes_0002	2026-03-20 11:23:45.022164+00
12	auth	0007_alter_validators_add_error_messages	2026-03-20 11:23:45.036598+00
13	auth	0008_alter_user_username_max_length	2026-03-20 11:23:45.060391+00
14	auth	0009_alter_user_last_name_max_length	2026-03-20 11:23:45.076643+00
15	auth	0010_alter_group_name_max_length	2026-03-20 11:23:45.093548+00
16	auth	0011_update_proxy_permissions	2026-03-20 11:23:45.107844+00
17	auth	0012_alter_user_first_name_max_length	2026-03-20 11:23:45.124717+00
18	reclamos	0001_initial	2026-03-20 11:23:45.323989+00
19	sessions	0001_initial	2026-03-20 11:23:45.347762+00
\.


--
-- Data for Name: django_session; Type: TABLE DATA; Schema: public; Owner: gmvm_usr
--

COPY public.django_session (session_key, session_data, expire_date) FROM stdin;
u3kwzmtvodil2xhnxvbfap48pvb6968w	.eJxVjDEOgzAMAP_iuYoSDDEwdu8bIjsOhbZKJAJT1b9XSAztene6NwTetznsNa1hURjBweWXCcdnyofQB-d7MbHkbV3EHIk5bTW3oul1Pdu_wcx1hhF64QktRWwsibKg0MTEDflWBXvvCLs4pRatUx6Q3IDep9Y36m3X2wE-X-gdNz0:1w3Y2c:3B1PdGO9yIugO0EYDAkV9Gq7G3YZEOW5tL_OtlAgNzg	2026-04-03 11:29:22.688475+00
jr6615b9gzsy9nik7q9wshq3idcraf7n	.eJxVjMsOwiAQAP9lz4a4BbbQo_d-Q8PCIlUDSR8n47-bJj3odWYyb5jCvpVpX2WZ5gQDIFx-GYf4lHqI9Aj13lRsdVtmVkeiTruqsSV53c72b1DCWmAARi2cnGGrLWbNXU_EOhjnvUdnbRCUTKanLJa08eivTnPMQmSwsz18vtCTNv0:1w2cxW:HFMUcOH3h5xQkny_48p5JF8Qdg0jhg1XxmRHhX0iCKs	2026-03-31 22:32:18.396+00
n1ukouvxzoruv5aclp8pa0euk7ilejgf	.eJxVjMsOwiAQAP9lz4a4BbbQo_d-Q8PCIlUDSR8n47-bJj3odWYyb5jCvpVpX2WZ5gQDIFx-GYf4lHqI9Aj13lRsdVtmVkeiTruqsSV53c72b1DCWmAARi2cnGGrLWbNXU_EOhjnvUdnbRCUTKanLJa08eivTnPMQmSwsz18vtCTNv0:1w3YGE:wxdm7U-7vEugAlzEn3bTpY2aAcIiz_ZMEzp8IRa0kfc	2026-04-03 11:43:26.928009+00
\.


--
-- Data for Name: reclamos_contribuyente; Type: TABLE DATA; Schema: public; Owner: gmvm_usr
--

COPY public.reclamos_contribuyente (id, dni, apellido, nombres, telefono, email, fecha_alta) FROM stdin;
1	29048298	FERREYRA	MARTIN	3426153255	martinferre81@hotmail.com	2026-03-13 14:34:38.59+00
2	30245605	MORALES	JULIAN EDUARDO	3436205677	juli_morales_ok@gmail.com	2026-03-13 18:44:36.657+00
\.


--
-- Data for Name: reclamos_estadoreclamo; Type: TABLE DATA; Schema: public; Owner: gmvm_usr
--

COPY public.reclamos_estadoreclamo (id, nombre, descripcion, activo) FROM stdin;
1	INGRESO	Ingreso del reclamo al sistema	t
2	EN_PROCESO	Reclamo en proceso de analisis	t
3	EN_REVISION	Area analizando el reclamo para validar	t
4	VALIDADO	Reclamo atendido y en proceso de solucion	t
5	FINALIZADO	Finalizado	t
6	CANCELADO	Reclamo cancelado	t
7	ANULADO	Reclamo no valido	t
\.


--
-- Data for Name: reclamos_historialreclamo; Type: TABLE DATA; Schema: public; Owner: gmvm_usr
--

COPY public.reclamos_historialreclamo (id, accion, prioridad_anterior, prioridad_nueva, titulo_anterior, titulo_nuevo, descripcion_anterior, descripcion_nueva, vecino_anterior, vecino_nuevo, fecha, comentario, estado_anterior_id, estado_nuevo_id, usuario_id, reclamo_id, tipo_anterior_id, tipo_nuevo_id) FROM stdin;
1	Actualizaci n de reclamo	\N	\N	\N	\N	\N	\N	\N	\N	2026-03-13 23:44:03.58+00		2	3	1	3	\N	\N
2	Actualizaci n de reclamo	1	2	\N	\N	\N	\N	\N	\N	2026-03-13 23:44:47.265+00	Se envio operario a recolectar.	\N	\N	1	3	\N	\N
3	Actualizaci n de reclamo	\N	\N	\N	\N	\N	\N	\N	\N	2026-03-17 22:35:33.197+00	Se reporto reiteradas veces que es el mismo vecino el que arroja la basura. Se esta intimando al vecino que reiteradas veces arroja basura.	3	4	1	3	\N	\N
\.


--
-- Data for Name: reclamos_reclamo; Type: TABLE DATA; Schema: public; Owner: gmvm_usr
--

COPY public.reclamos_reclamo (id, direccion, numero, titulo, descripcion, prioridad, fecha_creacion, fecha_ultima_modificacion, fecha_cierre, estado_id, id_contribuyente_id, usuario_id, usuario_ult_modificacion_id, tipo_reclamo_id) FROM stdin;
1	Ruta 16 km 27.5	\N	Pozo en ruta 16 km 27.5	prueba	1	2026-03-13 17:19:04.575+00	2026-03-13 17:19:04.575+00	\N	2	1	1	\N	5
2	Ruta 16 km 27.5	\N	Pozo en ruta 16 km 27.5	Prueba	1	2026-03-13 17:20:13.198+00	2026-03-13 17:20:13.198+00	\N	2	1	1	\N	5
3	URQUIZA 4967	VM-2026-000001	Residuos desparramados	Residuos desparramados en la calle y verederas	2	2026-03-13 18:44:36.707+00	2026-03-17 22:35:33.146+00	\N	4	2	1	1	7
4	Huergo 6802	VM-2026-000002	Arbol caido	Arbol caido por tormenta cortando la calle	1	2026-03-17 22:37:09.155+00	2026-03-17 22:37:09.156+00	\N	1	1	1	\N	2
\.


--
-- Data for Name: reclamos_reclamofoto; Type: TABLE DATA; Schema: public; Owner: gmvm_usr
--

COPY public.reclamos_reclamofoto (id, imagen, fecha, reclamo_id) FROM stdin;
1	reclamos/1/d304dd57-e662-4036-a591-60a982a6c7fe.jpg	2026-03-13 17:19:04.603+00	1
2	reclamos/2/3e13d48a-215c-4aaf-8da0-620762547f37.jpg	2026-03-13 17:20:13.241+00	2
3	reclamos/3/4e514fa0-142b-45e9-b206-2d2f5119056e.jpg	2026-03-13 18:44:36.741+00	3
4	reclamos/3/20bd1c86-7271-43d2-b047-e4621047a97a.jpg	2026-03-13 18:44:36.771+00	3
5	reclamos/4/e704cff2-deee-4135-b0db-e7cfbce6b318.jpg	2026-03-17 22:37:09.228+00	4
\.


--
-- Data for Name: reclamos_tiporeclamo; Type: TABLE DATA; Schema: public; Owner: gmvm_usr
--

COPY public.reclamos_tiporeclamo (id, nombre, descripcion, activo) FROM stdin;
1	GENERAL	Reclamo del tipo general. El administrador asigna luego el area	t
2	PODA	Poda de arboles y arbustos	t
3	LUZ	Energia espacios publicos y tendido electrico	t
4	CLOACA	Obstrucciones y red de cloacas	t
5	CAMINOS	Caminos y pavimento	t
6	RESIDUOS	Acopio de residuos	t
7	RECOLECCION_RESIDUOS	Recoleccion de residuos	t
\.


--
-- Data for Name: test_perm; Type: TABLE DATA; Schema: public; Owner: gmvm_usr
--

COPY public.test_perm (id) FROM stdin;
\.


--
-- Name: auth_group_id_seq; Type: SEQUENCE SET; Schema: public; Owner: gmvm_usr
--

SELECT pg_catalog.setval('public.auth_group_id_seq', 7, true);


--
-- Name: auth_group_permissions_id_seq; Type: SEQUENCE SET; Schema: public; Owner: gmvm_usr
--

SELECT pg_catalog.setval('public.auth_group_permissions_id_seq', 66, true);


--
-- Name: auth_permission_id_seq; Type: SEQUENCE SET; Schema: public; Owner: gmvm_usr
--

SELECT pg_catalog.setval('public.auth_permission_id_seq', 48, true);


--
-- Name: auth_user_groups_id_seq; Type: SEQUENCE SET; Schema: public; Owner: gmvm_usr
--

SELECT pg_catalog.setval('public.auth_user_groups_id_seq', 4, true);


--
-- Name: auth_user_id_seq; Type: SEQUENCE SET; Schema: public; Owner: gmvm_usr
--

SELECT pg_catalog.setval('public.auth_user_id_seq', 5, true);


--
-- Name: auth_user_user_permissions_id_seq; Type: SEQUENCE SET; Schema: public; Owner: gmvm_usr
--

SELECT pg_catalog.setval('public.auth_user_user_permissions_id_seq', 6, true);


--
-- Name: django_admin_log_id_seq; Type: SEQUENCE SET; Schema: public; Owner: gmvm_usr
--

SELECT pg_catalog.setval('public.django_admin_log_id_seq', 1, true);


--
-- Name: django_content_type_id_seq; Type: SEQUENCE SET; Schema: public; Owner: gmvm_usr
--

SELECT pg_catalog.setval('public.django_content_type_id_seq', 12, true);


--
-- Name: django_migrations_id_seq; Type: SEQUENCE SET; Schema: public; Owner: gmvm_usr
--

SELECT pg_catalog.setval('public.django_migrations_id_seq', 19, true);


--
-- Name: reclamos_contribuyente_id_seq; Type: SEQUENCE SET; Schema: public; Owner: gmvm_usr
--

SELECT pg_catalog.setval('public.reclamos_contribuyente_id_seq', 2, true);


--
-- Name: reclamos_estadoreclamo_id_seq; Type: SEQUENCE SET; Schema: public; Owner: gmvm_usr
--

SELECT pg_catalog.setval('public.reclamos_estadoreclamo_id_seq', 7, true);


--
-- Name: reclamos_historialreclamo_id_seq; Type: SEQUENCE SET; Schema: public; Owner: gmvm_usr
--

SELECT pg_catalog.setval('public.reclamos_historialreclamo_id_seq', 3, true);


--
-- Name: reclamos_reclamo_id_seq; Type: SEQUENCE SET; Schema: public; Owner: gmvm_usr
--

SELECT pg_catalog.setval('public.reclamos_reclamo_id_seq', 4, true);


--
-- Name: reclamos_reclamofoto_id_seq; Type: SEQUENCE SET; Schema: public; Owner: gmvm_usr
--

SELECT pg_catalog.setval('public.reclamos_reclamofoto_id_seq', 5, true);


--
-- Name: reclamos_tiporeclamo_id_seq; Type: SEQUENCE SET; Schema: public; Owner: gmvm_usr
--

SELECT pg_catalog.setval('public.reclamos_tiporeclamo_id_seq', 7, true);


--
-- Name: test_perm_id_seq; Type: SEQUENCE SET; Schema: public; Owner: gmvm_usr
--

SELECT pg_catalog.setval('public.test_perm_id_seq', 1, false);


--
-- Name: auth_group auth_group_name_key; Type: CONSTRAINT; Schema: public; Owner: gmvm_usr
--

ALTER TABLE ONLY public.auth_group
    ADD CONSTRAINT auth_group_name_key UNIQUE (name);


--
-- Name: auth_group_permissions auth_group_permissions_group_id_permission_id_0cd325b0_uniq; Type: CONSTRAINT; Schema: public; Owner: gmvm_usr
--

ALTER TABLE ONLY public.auth_group_permissions
    ADD CONSTRAINT auth_group_permissions_group_id_permission_id_0cd325b0_uniq UNIQUE (group_id, permission_id);


--
-- Name: auth_group_permissions auth_group_permissions_pkey; Type: CONSTRAINT; Schema: public; Owner: gmvm_usr
--

ALTER TABLE ONLY public.auth_group_permissions
    ADD CONSTRAINT auth_group_permissions_pkey PRIMARY KEY (id);


--
-- Name: auth_group auth_group_pkey; Type: CONSTRAINT; Schema: public; Owner: gmvm_usr
--

ALTER TABLE ONLY public.auth_group
    ADD CONSTRAINT auth_group_pkey PRIMARY KEY (id);


--
-- Name: auth_permission auth_permission_content_type_id_codename_01ab375a_uniq; Type: CONSTRAINT; Schema: public; Owner: gmvm_usr
--

ALTER TABLE ONLY public.auth_permission
    ADD CONSTRAINT auth_permission_content_type_id_codename_01ab375a_uniq UNIQUE (content_type_id, codename);


--
-- Name: auth_permission auth_permission_pkey; Type: CONSTRAINT; Schema: public; Owner: gmvm_usr
--

ALTER TABLE ONLY public.auth_permission
    ADD CONSTRAINT auth_permission_pkey PRIMARY KEY (id);


--
-- Name: auth_user_groups auth_user_groups_pkey; Type: CONSTRAINT; Schema: public; Owner: gmvm_usr
--

ALTER TABLE ONLY public.auth_user_groups
    ADD CONSTRAINT auth_user_groups_pkey PRIMARY KEY (id);


--
-- Name: auth_user_groups auth_user_groups_user_id_group_id_94350c0c_uniq; Type: CONSTRAINT; Schema: public; Owner: gmvm_usr
--

ALTER TABLE ONLY public.auth_user_groups
    ADD CONSTRAINT auth_user_groups_user_id_group_id_94350c0c_uniq UNIQUE (user_id, group_id);


--
-- Name: auth_user auth_user_pkey; Type: CONSTRAINT; Schema: public; Owner: gmvm_usr
--

ALTER TABLE ONLY public.auth_user
    ADD CONSTRAINT auth_user_pkey PRIMARY KEY (id);


--
-- Name: auth_user_user_permissions auth_user_user_permissions_pkey; Type: CONSTRAINT; Schema: public; Owner: gmvm_usr
--

ALTER TABLE ONLY public.auth_user_user_permissions
    ADD CONSTRAINT auth_user_user_permissions_pkey PRIMARY KEY (id);


--
-- Name: auth_user_user_permissions auth_user_user_permissions_user_id_permission_id_14a6b632_uniq; Type: CONSTRAINT; Schema: public; Owner: gmvm_usr
--

ALTER TABLE ONLY public.auth_user_user_permissions
    ADD CONSTRAINT auth_user_user_permissions_user_id_permission_id_14a6b632_uniq UNIQUE (user_id, permission_id);


--
-- Name: auth_user auth_user_username_key; Type: CONSTRAINT; Schema: public; Owner: gmvm_usr
--

ALTER TABLE ONLY public.auth_user
    ADD CONSTRAINT auth_user_username_key UNIQUE (username);


--
-- Name: django_admin_log django_admin_log_pkey; Type: CONSTRAINT; Schema: public; Owner: gmvm_usr
--

ALTER TABLE ONLY public.django_admin_log
    ADD CONSTRAINT django_admin_log_pkey PRIMARY KEY (id);


--
-- Name: django_content_type django_content_type_app_label_model_76bd3d3b_uniq; Type: CONSTRAINT; Schema: public; Owner: gmvm_usr
--

ALTER TABLE ONLY public.django_content_type
    ADD CONSTRAINT django_content_type_app_label_model_76bd3d3b_uniq UNIQUE (app_label, model);


--
-- Name: django_content_type django_content_type_pkey; Type: CONSTRAINT; Schema: public; Owner: gmvm_usr
--

ALTER TABLE ONLY public.django_content_type
    ADD CONSTRAINT django_content_type_pkey PRIMARY KEY (id);


--
-- Name: django_migrations django_migrations_pkey; Type: CONSTRAINT; Schema: public; Owner: gmvm_usr
--

ALTER TABLE ONLY public.django_migrations
    ADD CONSTRAINT django_migrations_pkey PRIMARY KEY (id);


--
-- Name: django_session django_session_pkey; Type: CONSTRAINT; Schema: public; Owner: gmvm_usr
--

ALTER TABLE ONLY public.django_session
    ADD CONSTRAINT django_session_pkey PRIMARY KEY (session_key);


--
-- Name: reclamos_contribuyente reclamos_contribuyente_dni_key; Type: CONSTRAINT; Schema: public; Owner: gmvm_usr
--

ALTER TABLE ONLY public.reclamos_contribuyente
    ADD CONSTRAINT reclamos_contribuyente_dni_key UNIQUE (dni);


--
-- Name: reclamos_contribuyente reclamos_contribuyente_pkey; Type: CONSTRAINT; Schema: public; Owner: gmvm_usr
--

ALTER TABLE ONLY public.reclamos_contribuyente
    ADD CONSTRAINT reclamos_contribuyente_pkey PRIMARY KEY (id);


--
-- Name: reclamos_estadoreclamo reclamos_estadoreclamo_pkey; Type: CONSTRAINT; Schema: public; Owner: gmvm_usr
--

ALTER TABLE ONLY public.reclamos_estadoreclamo
    ADD CONSTRAINT reclamos_estadoreclamo_pkey PRIMARY KEY (id);


--
-- Name: reclamos_historialreclamo reclamos_historialreclamo_pkey; Type: CONSTRAINT; Schema: public; Owner: gmvm_usr
--

ALTER TABLE ONLY public.reclamos_historialreclamo
    ADD CONSTRAINT reclamos_historialreclamo_pkey PRIMARY KEY (id);


--
-- Name: reclamos_reclamo reclamos_reclamo_numero_key; Type: CONSTRAINT; Schema: public; Owner: gmvm_usr
--

ALTER TABLE ONLY public.reclamos_reclamo
    ADD CONSTRAINT reclamos_reclamo_numero_key UNIQUE (numero);


--
-- Name: reclamos_reclamo reclamos_reclamo_pkey; Type: CONSTRAINT; Schema: public; Owner: gmvm_usr
--

ALTER TABLE ONLY public.reclamos_reclamo
    ADD CONSTRAINT reclamos_reclamo_pkey PRIMARY KEY (id);


--
-- Name: reclamos_reclamofoto reclamos_reclamofoto_pkey; Type: CONSTRAINT; Schema: public; Owner: gmvm_usr
--

ALTER TABLE ONLY public.reclamos_reclamofoto
    ADD CONSTRAINT reclamos_reclamofoto_pkey PRIMARY KEY (id);


--
-- Name: reclamos_tiporeclamo reclamos_tiporeclamo_pkey; Type: CONSTRAINT; Schema: public; Owner: gmvm_usr
--

ALTER TABLE ONLY public.reclamos_tiporeclamo
    ADD CONSTRAINT reclamos_tiporeclamo_pkey PRIMARY KEY (id);


--
-- Name: test_perm test_perm_pkey; Type: CONSTRAINT; Schema: public; Owner: gmvm_usr
--

ALTER TABLE ONLY public.test_perm
    ADD CONSTRAINT test_perm_pkey PRIMARY KEY (id);


--
-- Name: auth_group_name_a6ea08ec_like; Type: INDEX; Schema: public; Owner: gmvm_usr
--

CREATE INDEX auth_group_name_a6ea08ec_like ON public.auth_group USING btree (name varchar_pattern_ops);


--
-- Name: auth_group_permissions_group_id_b120cbf9; Type: INDEX; Schema: public; Owner: gmvm_usr
--

CREATE INDEX auth_group_permissions_group_id_b120cbf9 ON public.auth_group_permissions USING btree (group_id);


--
-- Name: auth_group_permissions_permission_id_84c5c92e; Type: INDEX; Schema: public; Owner: gmvm_usr
--

CREATE INDEX auth_group_permissions_permission_id_84c5c92e ON public.auth_group_permissions USING btree (permission_id);


--
-- Name: auth_permission_content_type_id_2f476e4b; Type: INDEX; Schema: public; Owner: gmvm_usr
--

CREATE INDEX auth_permission_content_type_id_2f476e4b ON public.auth_permission USING btree (content_type_id);


--
-- Name: auth_user_groups_group_id_97559544; Type: INDEX; Schema: public; Owner: gmvm_usr
--

CREATE INDEX auth_user_groups_group_id_97559544 ON public.auth_user_groups USING btree (group_id);


--
-- Name: auth_user_groups_user_id_6a12ed8b; Type: INDEX; Schema: public; Owner: gmvm_usr
--

CREATE INDEX auth_user_groups_user_id_6a12ed8b ON public.auth_user_groups USING btree (user_id);


--
-- Name: auth_user_user_permissions_permission_id_1fbb5f2c; Type: INDEX; Schema: public; Owner: gmvm_usr
--

CREATE INDEX auth_user_user_permissions_permission_id_1fbb5f2c ON public.auth_user_user_permissions USING btree (permission_id);


--
-- Name: auth_user_user_permissions_user_id_a95ead1b; Type: INDEX; Schema: public; Owner: gmvm_usr
--

CREATE INDEX auth_user_user_permissions_user_id_a95ead1b ON public.auth_user_user_permissions USING btree (user_id);


--
-- Name: auth_user_username_6821ab7c_like; Type: INDEX; Schema: public; Owner: gmvm_usr
--

CREATE INDEX auth_user_username_6821ab7c_like ON public.auth_user USING btree (username varchar_pattern_ops);


--
-- Name: django_admin_log_content_type_id_c4bce8eb; Type: INDEX; Schema: public; Owner: gmvm_usr
--

CREATE INDEX django_admin_log_content_type_id_c4bce8eb ON public.django_admin_log USING btree (content_type_id);


--
-- Name: django_admin_log_user_id_c564eba6; Type: INDEX; Schema: public; Owner: gmvm_usr
--

CREATE INDEX django_admin_log_user_id_c564eba6 ON public.django_admin_log USING btree (user_id);


--
-- Name: django_session_expire_date_a5c62663; Type: INDEX; Schema: public; Owner: gmvm_usr
--

CREATE INDEX django_session_expire_date_a5c62663 ON public.django_session USING btree (expire_date);


--
-- Name: django_session_session_key_c0390e0f_like; Type: INDEX; Schema: public; Owner: gmvm_usr
--

CREATE INDEX django_session_session_key_c0390e0f_like ON public.django_session USING btree (session_key varchar_pattern_ops);


--
-- Name: reclamos_contribuyente_dni_7e993ef7_like; Type: INDEX; Schema: public; Owner: gmvm_usr
--

CREATE INDEX reclamos_contribuyente_dni_7e993ef7_like ON public.reclamos_contribuyente USING btree (dni varchar_pattern_ops);


--
-- Name: reclamos_historialreclamo_estado_anterior_id_aa35ea93; Type: INDEX; Schema: public; Owner: gmvm_usr
--

CREATE INDEX reclamos_historialreclamo_estado_anterior_id_aa35ea93 ON public.reclamos_historialreclamo USING btree (estado_anterior_id);


--
-- Name: reclamos_historialreclamo_estado_nuevo_id_895ba5ec; Type: INDEX; Schema: public; Owner: gmvm_usr
--

CREATE INDEX reclamos_historialreclamo_estado_nuevo_id_895ba5ec ON public.reclamos_historialreclamo USING btree (estado_nuevo_id);


--
-- Name: reclamos_historialreclamo_reclamo_id_af1031fd; Type: INDEX; Schema: public; Owner: gmvm_usr
--

CREATE INDEX reclamos_historialreclamo_reclamo_id_af1031fd ON public.reclamos_historialreclamo USING btree (reclamo_id);


--
-- Name: reclamos_historialreclamo_tipo_anterior_id_33252cbb; Type: INDEX; Schema: public; Owner: gmvm_usr
--

CREATE INDEX reclamos_historialreclamo_tipo_anterior_id_33252cbb ON public.reclamos_historialreclamo USING btree (tipo_anterior_id);


--
-- Name: reclamos_historialreclamo_tipo_nuevo_id_56185cf3; Type: INDEX; Schema: public; Owner: gmvm_usr
--

CREATE INDEX reclamos_historialreclamo_tipo_nuevo_id_56185cf3 ON public.reclamos_historialreclamo USING btree (tipo_nuevo_id);


--
-- Name: reclamos_historialreclamo_usuario_id_2267aa5c; Type: INDEX; Schema: public; Owner: gmvm_usr
--

CREATE INDEX reclamos_historialreclamo_usuario_id_2267aa5c ON public.reclamos_historialreclamo USING btree (usuario_id);


--
-- Name: reclamos_reclamo_estado_id_965df666; Type: INDEX; Schema: public; Owner: gmvm_usr
--

CREATE INDEX reclamos_reclamo_estado_id_965df666 ON public.reclamos_reclamo USING btree (estado_id);


--
-- Name: reclamos_reclamo_id_contribuyente_id_766673dc; Type: INDEX; Schema: public; Owner: gmvm_usr
--

CREATE INDEX reclamos_reclamo_id_contribuyente_id_766673dc ON public.reclamos_reclamo USING btree (id_contribuyente_id);


--
-- Name: reclamos_reclamo_numero_058a42b7_like; Type: INDEX; Schema: public; Owner: gmvm_usr
--

CREATE INDEX reclamos_reclamo_numero_058a42b7_like ON public.reclamos_reclamo USING btree (numero varchar_pattern_ops);


--
-- Name: reclamos_reclamo_tipo_reclamo_id_2b875d62; Type: INDEX; Schema: public; Owner: gmvm_usr
--

CREATE INDEX reclamos_reclamo_tipo_reclamo_id_2b875d62 ON public.reclamos_reclamo USING btree (tipo_reclamo_id);


--
-- Name: reclamos_reclamo_usuario_id_c4072b9b; Type: INDEX; Schema: public; Owner: gmvm_usr
--

CREATE INDEX reclamos_reclamo_usuario_id_c4072b9b ON public.reclamos_reclamo USING btree (usuario_id);


--
-- Name: reclamos_reclamo_usuario_ult_modificacion_id_13cb475c; Type: INDEX; Schema: public; Owner: gmvm_usr
--

CREATE INDEX reclamos_reclamo_usuario_ult_modificacion_id_13cb475c ON public.reclamos_reclamo USING btree (usuario_ult_modificacion_id);


--
-- Name: reclamos_reclamofoto_reclamo_id_ad57e616; Type: INDEX; Schema: public; Owner: gmvm_usr
--

CREATE INDEX reclamos_reclamofoto_reclamo_id_ad57e616 ON public.reclamos_reclamofoto USING btree (reclamo_id);


--
-- Name: auth_group_permissions auth_group_permissio_permission_id_84c5c92e_fk_auth_perm; Type: FK CONSTRAINT; Schema: public; Owner: gmvm_usr
--

ALTER TABLE ONLY public.auth_group_permissions
    ADD CONSTRAINT auth_group_permissio_permission_id_84c5c92e_fk_auth_perm FOREIGN KEY (permission_id) REFERENCES public.auth_permission(id) DEFERRABLE INITIALLY DEFERRED;


--
-- Name: auth_group_permissions auth_group_permissions_group_id_b120cbf9_fk_auth_group_id; Type: FK CONSTRAINT; Schema: public; Owner: gmvm_usr
--

ALTER TABLE ONLY public.auth_group_permissions
    ADD CONSTRAINT auth_group_permissions_group_id_b120cbf9_fk_auth_group_id FOREIGN KEY (group_id) REFERENCES public.auth_group(id) DEFERRABLE INITIALLY DEFERRED;


--
-- Name: auth_permission auth_permission_content_type_id_2f476e4b_fk_django_co; Type: FK CONSTRAINT; Schema: public; Owner: gmvm_usr
--

ALTER TABLE ONLY public.auth_permission
    ADD CONSTRAINT auth_permission_content_type_id_2f476e4b_fk_django_co FOREIGN KEY (content_type_id) REFERENCES public.django_content_type(id) DEFERRABLE INITIALLY DEFERRED;


--
-- Name: auth_user_groups auth_user_groups_group_id_97559544_fk_auth_group_id; Type: FK CONSTRAINT; Schema: public; Owner: gmvm_usr
--

ALTER TABLE ONLY public.auth_user_groups
    ADD CONSTRAINT auth_user_groups_group_id_97559544_fk_auth_group_id FOREIGN KEY (group_id) REFERENCES public.auth_group(id) DEFERRABLE INITIALLY DEFERRED;


--
-- Name: auth_user_groups auth_user_groups_user_id_6a12ed8b_fk_auth_user_id; Type: FK CONSTRAINT; Schema: public; Owner: gmvm_usr
--

ALTER TABLE ONLY public.auth_user_groups
    ADD CONSTRAINT auth_user_groups_user_id_6a12ed8b_fk_auth_user_id FOREIGN KEY (user_id) REFERENCES public.auth_user(id) DEFERRABLE INITIALLY DEFERRED;


--
-- Name: auth_user_user_permissions auth_user_user_permi_permission_id_1fbb5f2c_fk_auth_perm; Type: FK CONSTRAINT; Schema: public; Owner: gmvm_usr
--

ALTER TABLE ONLY public.auth_user_user_permissions
    ADD CONSTRAINT auth_user_user_permi_permission_id_1fbb5f2c_fk_auth_perm FOREIGN KEY (permission_id) REFERENCES public.auth_permission(id) DEFERRABLE INITIALLY DEFERRED;


--
-- Name: auth_user_user_permissions auth_user_user_permissions_user_id_a95ead1b_fk_auth_user_id; Type: FK CONSTRAINT; Schema: public; Owner: gmvm_usr
--

ALTER TABLE ONLY public.auth_user_user_permissions
    ADD CONSTRAINT auth_user_user_permissions_user_id_a95ead1b_fk_auth_user_id FOREIGN KEY (user_id) REFERENCES public.auth_user(id) DEFERRABLE INITIALLY DEFERRED;


--
-- Name: django_admin_log django_admin_log_content_type_id_c4bce8eb_fk_django_co; Type: FK CONSTRAINT; Schema: public; Owner: gmvm_usr
--

ALTER TABLE ONLY public.django_admin_log
    ADD CONSTRAINT django_admin_log_content_type_id_c4bce8eb_fk_django_co FOREIGN KEY (content_type_id) REFERENCES public.django_content_type(id) DEFERRABLE INITIALLY DEFERRED;


--
-- Name: django_admin_log django_admin_log_user_id_c564eba6_fk_auth_user_id; Type: FK CONSTRAINT; Schema: public; Owner: gmvm_usr
--

ALTER TABLE ONLY public.django_admin_log
    ADD CONSTRAINT django_admin_log_user_id_c564eba6_fk_auth_user_id FOREIGN KEY (user_id) REFERENCES public.auth_user(id) DEFERRABLE INITIALLY DEFERRED;


--
-- Name: reclamos_historialreclamo reclamos_historialre_estado_anterior_id_aa35ea93_fk_reclamos_; Type: FK CONSTRAINT; Schema: public; Owner: gmvm_usr
--

ALTER TABLE ONLY public.reclamos_historialreclamo
    ADD CONSTRAINT reclamos_historialre_estado_anterior_id_aa35ea93_fk_reclamos_ FOREIGN KEY (estado_anterior_id) REFERENCES public.reclamos_estadoreclamo(id) DEFERRABLE INITIALLY DEFERRED;


--
-- Name: reclamos_historialreclamo reclamos_historialre_estado_nuevo_id_895ba5ec_fk_reclamos_; Type: FK CONSTRAINT; Schema: public; Owner: gmvm_usr
--

ALTER TABLE ONLY public.reclamos_historialreclamo
    ADD CONSTRAINT reclamos_historialre_estado_nuevo_id_895ba5ec_fk_reclamos_ FOREIGN KEY (estado_nuevo_id) REFERENCES public.reclamos_estadoreclamo(id) DEFERRABLE INITIALLY DEFERRED;


--
-- Name: reclamos_historialreclamo reclamos_historialre_reclamo_id_af1031fd_fk_reclamos_; Type: FK CONSTRAINT; Schema: public; Owner: gmvm_usr
--

ALTER TABLE ONLY public.reclamos_historialreclamo
    ADD CONSTRAINT reclamos_historialre_reclamo_id_af1031fd_fk_reclamos_ FOREIGN KEY (reclamo_id) REFERENCES public.reclamos_reclamo(id) DEFERRABLE INITIALLY DEFERRED;


--
-- Name: reclamos_historialreclamo reclamos_historialre_tipo_anterior_id_33252cbb_fk_reclamos_; Type: FK CONSTRAINT; Schema: public; Owner: gmvm_usr
--

ALTER TABLE ONLY public.reclamos_historialreclamo
    ADD CONSTRAINT reclamos_historialre_tipo_anterior_id_33252cbb_fk_reclamos_ FOREIGN KEY (tipo_anterior_id) REFERENCES public.reclamos_tiporeclamo(id) DEFERRABLE INITIALLY DEFERRED;


--
-- Name: reclamos_historialreclamo reclamos_historialre_tipo_nuevo_id_56185cf3_fk_reclamos_; Type: FK CONSTRAINT; Schema: public; Owner: gmvm_usr
--

ALTER TABLE ONLY public.reclamos_historialreclamo
    ADD CONSTRAINT reclamos_historialre_tipo_nuevo_id_56185cf3_fk_reclamos_ FOREIGN KEY (tipo_nuevo_id) REFERENCES public.reclamos_tiporeclamo(id) DEFERRABLE INITIALLY DEFERRED;


--
-- Name: reclamos_historialreclamo reclamos_historialreclamo_usuario_id_2267aa5c_fk_auth_user_id; Type: FK CONSTRAINT; Schema: public; Owner: gmvm_usr
--

ALTER TABLE ONLY public.reclamos_historialreclamo
    ADD CONSTRAINT reclamos_historialreclamo_usuario_id_2267aa5c_fk_auth_user_id FOREIGN KEY (usuario_id) REFERENCES public.auth_user(id) DEFERRABLE INITIALLY DEFERRED;


--
-- Name: reclamos_reclamo reclamos_reclamo_estado_id_965df666_fk_reclamos_; Type: FK CONSTRAINT; Schema: public; Owner: gmvm_usr
--

ALTER TABLE ONLY public.reclamos_reclamo
    ADD CONSTRAINT reclamos_reclamo_estado_id_965df666_fk_reclamos_ FOREIGN KEY (estado_id) REFERENCES public.reclamos_estadoreclamo(id) DEFERRABLE INITIALLY DEFERRED;


--
-- Name: reclamos_reclamo reclamos_reclamo_id_contribuyente_id_766673dc_fk_reclamos_; Type: FK CONSTRAINT; Schema: public; Owner: gmvm_usr
--

ALTER TABLE ONLY public.reclamos_reclamo
    ADD CONSTRAINT reclamos_reclamo_id_contribuyente_id_766673dc_fk_reclamos_ FOREIGN KEY (id_contribuyente_id) REFERENCES public.reclamos_contribuyente(id) DEFERRABLE INITIALLY DEFERRED;


--
-- Name: reclamos_reclamo reclamos_reclamo_tipo_reclamo_id_2b875d62_fk_reclamos_; Type: FK CONSTRAINT; Schema: public; Owner: gmvm_usr
--

ALTER TABLE ONLY public.reclamos_reclamo
    ADD CONSTRAINT reclamos_reclamo_tipo_reclamo_id_2b875d62_fk_reclamos_ FOREIGN KEY (tipo_reclamo_id) REFERENCES public.reclamos_tiporeclamo(id) DEFERRABLE INITIALLY DEFERRED;


--
-- Name: reclamos_reclamo reclamos_reclamo_usuario_id_c4072b9b_fk_auth_user_id; Type: FK CONSTRAINT; Schema: public; Owner: gmvm_usr
--

ALTER TABLE ONLY public.reclamos_reclamo
    ADD CONSTRAINT reclamos_reclamo_usuario_id_c4072b9b_fk_auth_user_id FOREIGN KEY (usuario_id) REFERENCES public.auth_user(id) DEFERRABLE INITIALLY DEFERRED;


--
-- Name: reclamos_reclamo reclamos_reclamo_usuario_ult_modifica_13cb475c_fk_auth_user; Type: FK CONSTRAINT; Schema: public; Owner: gmvm_usr
--

ALTER TABLE ONLY public.reclamos_reclamo
    ADD CONSTRAINT reclamos_reclamo_usuario_ult_modifica_13cb475c_fk_auth_user FOREIGN KEY (usuario_ult_modificacion_id) REFERENCES public.auth_user(id) DEFERRABLE INITIALLY DEFERRED;


--
-- Name: reclamos_reclamofoto reclamos_reclamofoto_reclamo_id_ad57e616_fk_reclamos_reclamo_id; Type: FK CONSTRAINT; Schema: public; Owner: gmvm_usr
--

ALTER TABLE ONLY public.reclamos_reclamofoto
    ADD CONSTRAINT reclamos_reclamofoto_reclamo_id_ad57e616_fk_reclamos_reclamo_id FOREIGN KEY (reclamo_id) REFERENCES public.reclamos_reclamo(id) DEFERRABLE INITIALLY DEFERRED;


--
-- PostgreSQL database dump complete
--

\unrestrict fgsvVMVSoRG3s1hsWjPcguv5MKUTCMDcypZV06RBZWJnTiGYHEkCricVV7SHGvf

